device_id,ipei,device_location,location_name
VOCO_K103,0328E329DB,Click and Collect,ST_UKTKM_190_(25/3/4)Charlton
VOCO_K101,0328EA10A5,Jewellery 1 ,ST_UKTKM_190_(25/3/4)Charlton
VOCO_K104,0328E7BC8C,Jewellery 2,ST_UKTKM_190_(25/3/4)Charlton
VOCO_K101,0328E9CC6F,Click and Collect,ST_UKTK_0003(20/03/01)_Bristol Imperial
VOCO_K102,0328E9CC4A,Click and Collect 2,ST_UKTK_0003(20/03/01)_Bristol Imperial
VOCO_K103,0328E9CC8F,Click and Collect,ST_UKTK_0006(15/03/01)_Bishops Stortford_S5
VOCO_K101,0328E9CC8D,Sales Floor 1,ST_UKTK_0006(15/03/01)_Bishops Stortford_S5
VOCO_K103,0328E9CE58,Click and Collect,ST_UKTK_0007(25/03/01)_Eastbourne
VOCO_K102,0328E9CE53,Jewellery 1,ST_UKTK_0007(25/03/01)_Eastbourne
VOCO_K101,0328E9CE66,Sales floor 1,ST_UKTK_0007(25/03/01)_Eastbourne
VOCO_K104,0328EA74F9,sales floor 2,ST_UKTK_0007(25/03/01)_Eastbourne
VOCO_K103,0328E88D4E,Click and Collect,ST_UKTK_0103(60/04/01)_Reading
VOCO_K101,0328E88D49,Fragrance,ST_UKTK_0103(60/04/01)_Reading
VOCO_K102,0328E88D53,Jewellery 1,ST_UKTK_0103(60/04/01)_Reading
VOCO_K103,0328E89381,Click and Collect,ST_UKTK_0106(30/05/01)_Belfast
VOCO_K102,0328E8938A,Fragrance 1,ST_UKTK_0106(30/05/01)_Belfast
VOCO_K105,0328E89391,Jewellery 3,ST_UKTK_0106(30/05/01)_Belfast
VOCO_K104,0328E84148,Handbags 1,ST_UKTK_0111(20/3)_Bournemouth
VOCO_K103,0328E84133,Handbags 2,ST_UKTK_0111(20/3)_Bournemouth
VOCO_K102,0328E40800,Handbags 4,ST_UKTK_0111(20/3)_Bournemouth
VOCO_K106,0328E88D19,Click and Collect 2,ST_UKTK_0129(46/06)_Ealing
VOCO_K101,0328EA7454,Fragrance 1,ST_UKTK_0129(46/06)_Ealing
VOCO_K103,0328EA742A,Fragrance 2,ST_UKTK_0129(46/06)_Ealing
VOCO_K104,0328EA7453,Fragrance 3 ,ST_UKTK_0129(46/06)_Ealing
VOCO_K107,0328E88BF2,Gold Label Handbags 1,ST_UKTK_0129(46/06)_Ealing
VOCO_K108,0328EA752B,Jewellery 1,ST_UKTK_0129(46/06)_Ealing
VOCO_K102,02EB63D37D,Mens Outerwear,ST_UKTK_0129(46/06)_Ealing
VOCO_K105,0328E88BE9,Womens Outerwear,ST_UKTK_0129(46/06)_Ealing
VOCO_K103,0328E7458D,Click collect,ST_UKTK_0142(20/02)_Southport_New
VOCO_K102,0328E9CE52,Fragrance ,ST_UKTK_0142(20/02)_Southport_New
VOCO_K103,0328EA73F0,Click and collect,ST_UKTK_0150(20/01/01)_Bedford
VOCO_K102,0328E9CC5E,Fragrance,ST_UKTK_0150(20/01/01)_Bedford
VOCO_K101,0328D2FAF5,Sales Floor 1,ST_UKTK_0150(20/01/01)_Bedford
VOCO_K103,0328E0F6F6,Click and Collect,ST_UKTK_0152(25/5)_Hackney
VOCO_K101,0328E84201,Fragrance 1,ST_UKTK_0152(25/5)_Hackney
VOCO_K109,0328E843BE,Handbags 3,ST_UKTK_0152(25/5)_Hackney
VOCO_K105,0328E8435D,Handbags 4,ST_UKTK_0152(25/5)_Hackney
VOCO_K106,0328E84134,Handbags 5,ST_UKTK_0152(25/5)_Hackney
VOCO_K107,0328E84147,Handbags 6,ST_UKTK_0152(25/5)_Hackney
VOCO_K108,0328E7B73E,Sales Floor 4,ST_UKTK_0152(25/5)_Hackney
VOCO_K104,0328EA113F,Click and Collect 1,ST_UKTK_0153(25/02/01)Harrow
VOCO_K106,0328E3285E,Click and Collect 2,ST_UKTK_0153(25/02/01)Harrow
VOCO_K102,0328E8407D,Fragrance 1,ST_UKTK_0153(25/02/01)Harrow
VOCO_K107,0328E3275A,Fragrance 2,ST_UKTK_0153(25/02/01)Harrow
VOCO_K101,0328E9CCDF,Jewellery Counter 1,ST_UKTK_0153(25/02/01)Harrow
VOCO_K103,0328EA660F,Click and Collect,ST_UKTK_0161(25/03/01)_Sunderland_S5
VOCO_K102,0328EA663B,Fragrance,ST_UKTK_0161(25/03/01)_Sunderland_S5
VOCO_K101,0328EA659B,Sales Floor 1,ST_UKTK_0161(25/03/01)_Sunderland_S5
VOCO_K103,0328EA12A8,Click & Collect,ST_UKTK_0172(51/06)_Wood Green
VOCO_K106,0328EA13AB,Click & Collect 2,ST_UKTK_0172(51/06)_Wood Green
VOCO_K105,0328E8416C,Fragrance,ST_UKTK_0172(51/06)_Wood Green
VOCO_K102,0328E8406B,Jewellery 1,ST_UKTK_0172(51/06)_Wood Green
VOCO_K104,0328DF05E9,Jewellery 2,ST_UKTK_0172(51/06)_Wood Green
VOCO_K109,0328EA11B8,Mens Outerwear,ST_UKTK_0172(51/06)_Wood Green
VOCO_K101,0328D343F1,Sales Floor 1,ST_UKTK_0172(51/06)_Wood Green
VOCO_K108,0328E8414B,Sales Floor 4,ST_UKTK_0172(51/06)_Wood Green
VOCO_K110,0328EA115B,Womens Outerwear,ST_UKTK_0172(51/06)_Wood Green
VOCO_K105,0328E84140,Fragrance 1,ST_UKTK_0183(40/9)_Thurrock
VOCO_K101,0328E7B819,Handbags 1,ST_UKTK_0183(40/9)_Thurrock
VOCO_K106,0328E406E6,Handbags 2,ST_UKTK_0183(40/9)_Thurrock
VOCO_K111,0328E84135,Handbags 5,ST_UKTK_0183(40/9)_Thurrock
VOCO_K109,0328E8405E,Home Dept,ST_UKTK_0183(40/9)_Thurrock
VOCO_K104,0328E841FC,Jewellery 2,ST_UKTK_0183(40/9)_Thurrock
VOCO_K102,0328E406E7,Mens Gold,ST_UKTK_0183(40/9)_Thurrock
VOCO_K103,0328E9CF32,Click and Collect,ST_UKTK_0184(20/01/03)_Lisburn_New
VOCO_K102,0328E891CF,Jewellery 1,ST_UKTK_0184(20/01/03)_Lisburn_New
VOCO_K101,0328D33826,Sales Floor 1,ST_UKTK_0184(20/01/03)_Lisburn_New
VOCO_K105,0328E9CD10,Fragrance 1,ST_UKTK_0206(23/4)_Paisley
VOCO_K101,0328E8434C,Handbags 1,ST_UKTK_0206(23/4)_Paisley
VOCO_K104,0328E843D5,Handbags 4,ST_UKTK_0206(23/4)_Paisley
VOCO_K105,0328E86F4D,Click and Collect 1,ST_UKTK_0224(25/05/02)_Uxbridge
VOCO_K103,0328E7B9BE,Click and Collect 2,ST_UKTK_0224(25/05/02)_Uxbridge
VOCO_K101,0328EA13C9,Fragrance,ST_UKTK_0224(25/05/02)_Uxbridge
VOCO_K106,0328E86FF4,Fragrance 1,ST_UKTK_0224(25/05/02)_Uxbridge
VOCO_K102,0328E83381,Jewellery 1,ST_UKTK_0224(25/05/02)_Uxbridge
VOCO_K103,0328E745E6,Click and Collect,ST_UKTK_0238(35/05) Watford Atria
VOCO_K102,0328E745E5,Click and Collect 1,ST_UKTK_0238(35/05) Watford Atria
VOCO_K101,0328E745E9,Fragrance,ST_UKTK_0238(35/05) Watford Atria
VOCO_K106,0328E88CD8,Fragrance 2,ST_UKTK_0238(35/05) Watford Atria
VOCO_K104,0328E84328,Gold Label Handbags,ST_UKTK_0238(35/05) Watford Atria
VOCO_K105,0328E406E5,Gold Label Handbags 1,ST_UKTK_0238(35/05) Watford Atria
VOCO_K107,0328E407E5,Gold Label Handbags 2,ST_UKTK_0238(35/05) Watford Atria
VOCO_K110,0328E840A4,Jewellery 1,ST_UKTK_0238(35/05) Watford Atria
VOCO_K108,0328EA1396,Mens Gold,ST_UKTK_0238(35/05) Watford Atria
VOCO_K109,0328EA12C0,Mens Gold Label 1,ST_UKTK_0238(35/05) Watford Atria
VOCO_K103,0328E7B8CF,Click and Collect,ST_UKTK_0249(73/10)_Hammersmith
VOCO_K108,0328E4081C,Fragrance 1,ST_UKTK_0249(73/10)_Hammersmith
VOCO_K111,0328E84055,Fragrance 2,ST_UKTK_0249(73/10)_Hammersmith
VOCO_K117,0328E84107,Fragrance 3,ST_UKTK_0249(73/10)_Hammersmith
VOCO_K101,0328E9CD19,Fragrance 4,ST_UKTK_0249(73/10)_Hammersmith
VOCO_K107,0328E9CC76,Fragrance5,ST_UKTK_0249(73/10)_Hammersmith
VOCO_K119,0328E89399,Gold label Handbag 2,ST_UKTK_0249(73/10)_Hammersmith
VOCO_K106,0328E40892,Handbag 2,ST_UKTK_0249(73/10)_Hammersmith
VOCO_K110,0328E84061,Handbags 3,ST_UKTK_0249(73/10)_Hammersmith
VOCO_K112,0328E8416E,Handbags 4,ST_UKTK_0249(73/10)_Hammersmith
VOCO_K113,0328E8414A,Handbags 5,ST_UKTK_0249(73/10)_Hammersmith
VOCO_K115,0328E841AB,Handbags 7,ST_UKTK_0249(73/10)_Hammersmith
VOCO_K116,0328E841A6,Handbags 8,ST_UKTK_0249(73/10)_Hammersmith
VOCO_K102,0328E7B7E3,Jewellery 1,ST_UKTK_0249(73/10)_Hammersmith
VOCO_K104,0328E4083A,Jewellery 2,ST_UKTK_0249(73/10)_Hammersmith
VOCO_K105,0328E407DF,Jewellery 3,ST_UKTK_0249(73/10)_Hammersmith
VOCO_K114,0328E8415F,Mens Gold,ST_UKTK_0249(73/10)_Hammersmith
VOCO_K101,0328E32759,Click and Collect,ST_UKTK_0256(34/5)_Leyton Mills
VOCO_K102,0328E40847,Fragrance,ST_UKTK_0256(34/5)_Leyton Mills
VOCO_K108,0328E9CBF0,Fragrance,ST_UKTK_0256(34/5)_Leyton Mills
VOCO_K106,0328E8700F,Fragrance 2,ST_UKTK_0256(34/5)_Leyton Mills
VOCO_K109,0328E9CBBE,Handbags,ST_UKTK_0256(34/5)_Leyton Mills
VOCO_K107,0328E86FD9,Mens Outerwear,ST_UKTK_0256(34/5)_Leyton Mills
VOCO_K105,0328E325F3,Womens Outerwear,ST_UKTK_0256(34/5)_Leyton Mills
VOCO_K103,02EB63D089,click and collect2,ST_UKTK_0256(34/5)_Leyton Mills
VOCO_K101,0328E40805,Click and Collect,ST_UKTK_0262(20/3)_Fareham
VOCO_K102,0328E9CE45,Fragrance 1,ST_UKTK_0262(20/3)_Fareham
VOCO_K103,0328D33A7F,Fragrance 2,ST_UKTK_0262(20/3)_Fareham
VOCO_K106,0328E86F73,Click and Collect,ST_UKTK_0270(77/7)_Bull Ring
VOCO_K109,0328E8710B,Customer Toilets,ST_UKTK_0270(77/7)_Bull Ring
VOCO_K102,0328E0F49E,Fragrance 1,ST_UKTK_0270(77/7)_Bull Ring
VOCO_K114,0328E842C4,Gold Label Handbags 1,ST_UKTK_0270(77/7)_Bull Ring
VOCO_K110,0328E9CD49,Hanbags 3 ,ST_UKTK_0270(77/7)_Bull Ring
VOCO_K117,0328E9CD5C,Handbags 1,ST_UKTK_0270(77/7)_Bull Ring
VOCO_K103,0328E97607,Handbags 2,ST_UKTK_0270(77/7)_Bull Ring
VOCO_K104,0328E843AB,Handbags 4,ST_UKTK_0270(77/7)_Bull Ring
VOCO_K113,0328E84399,Handbags 5,ST_UKTK_0270(77/7)_Bull Ring
VOCO_K101,0328E842C5,Handbags 6,ST_UKTK_0270(77/7)_Bull Ring
VOCO_K107,0328E8706E,Handbags 7,ST_UKTK_0270(77/7)_Bull Ring
VOCO_K108,0328E7B8FF,Handbags 8,ST_UKTK_0270(77/7)_Bull Ring
VOCO_K105,0328E7B79D,Jewellery 1,ST_UKTK_0270(77/7)_Bull Ring
VOCO_K112,0328EA1220,Mens Outerwear,ST_UKTK_0270(77/7)_Bull Ring
VOCO_K115,0328EA137C,Womens Outerwear,ST_UKTK_0270(77/7)_Bull Ring
VOCO_K105,0328E9CC78,Click and Collect,ST_UKTK_0275(41/6)_Bromley
VOCO_K106,0328E9CC7A,Click and Collect,ST_UKTK_0275(41/6)_Bromley
VOCO_K102,0328E840C2,Fragrance,ST_UKTK_0275(41/6)_Bromley
VOCO_K101,0328E7B914,Handbags,ST_UKTK_0275(41/6)_Bromley
VOCO_K105,0328E8406E,Click and Collect 2,ST_UKTK_0279(40/5)_Clapham
VOCO_K104,0328EA73E5,Fragrance 2,ST_UKTK_0279(40/5)_Clapham
VOCO_K106,0328E7B8A6,Gold Label Handbags,ST_UKTK_0279(40/5)_Clapham
VOCO_K101,0328E86F92,Gold Label Handbags,ST_UKTK_0279(40/5)_Clapham
VOCO_K107,0328E87131,Handbag,ST_UKTK_0279(40/5)_Clapham
VOCO_K101,0328E7BA03,Click and Collect 1,ST_UKTK_0285(30/5)_Kew
VOCO_K102,0328E891D7,Click and Collect 2,ST_UKTK_0285(30/5)_Kew
VOCO_K103,0328E891A7,Fragrance 1,ST_UKTK_0285(30/5)_Kew
VOCO_K101,0328E7BBE8,Click and Collect,ST_UKTK_0291(20/02/01)_Kettering
VOCO_K102,0328E96D3F,Fragerance,ST_UKTK_0291(20/02/01)_Kettering
VOCO_K107,0328E842CB,Fragrance 1,ST_UKTK_0292(41/7)_Lewisham
VOCO_K110,0328E86FED,Fragrance 2,ST_UKTK_0292(41/7)_Lewisham
VOCO_K111,0328E894A4,Fragrance 3,ST_UKTK_0292(41/7)_Lewisham
VOCO_K106,0328E840E4,Handbags 1,ST_UKTK_0292(41/7)_Lewisham
VOCO_K104,0328E86F9A,Handbags 2,ST_UKTK_0292(41/7)_Lewisham
VOCO_K103,0328E843B8,Handbags 3,ST_UKTK_0292(41/7)_Lewisham
VOCO_K102,0328E84066,Handbags 4,ST_UKTK_0292(41/7)_Lewisham
VOCO_K108,0328E84137,Handbags 5,ST_UKTK_0292(41/7)_Lewisham
VOCO_K109,0328E86F9E,Handbags 6,ST_UKTK_0292(41/7)_Lewisham
VOCO_K105,0328E84024,Jewellery 1,ST_UKTK_0292(41/7)_Lewisham
VOCO_K101,0328E8414F,Jewellery 2,ST_UKTK_0292(41/7)_Lewisham
VOCO_K102,0328E7B6C3,C&C 2,ST_UKTK_0301(20/05/01)_Hemel Hempstead_S5
VOCO_K101,0328E7B6BE,Click and Collect,ST_UKTK_0301(20/05/01)_Hemel Hempstead_S5
VOCO_K107,0328E89311,Click & Collect,ST_UKTK_0317(30/4)_Farnborough
VOCO_K101,0328E841CB,Fragnance,ST_UKTK_0317(30/4)_Farnborough
VOCO_K102,0328E892AC,Sales Floor,ST_UKTK_0317(30/4)_Farnborough
VOCO_K106,0328E7B849,Sales Floor 1,ST_UKTK_0317(30/4)_Farnborough
VOCO_K104,0328EA64B4,Click & Collect,ST_UKTK_0330(20/3)_Corby
VOCO_K102,0328E40887,Fragrance,ST_UKTK_0330(20/3)_Corby
VOCO_K103,0328E87062,Sales Floor,ST_UKTK_0330(20/3)_Corby
VOCO_K103,0328E743E4,Click and Collect,ST_UKTK_0344(30/6)_Wembley
VOCO_K104,0328E4082D,Fragance,ST_UKTK_0344(30/6)_Wembley
VOCO_K105,0328E843B1,Handbags 1,ST_UKTK_0344(30/6)_Wembley
VOCO_K106,0328E84351,Handbags 2,ST_UKTK_0344(30/6)_Wembley
VOCO_K107,0328E84308,Handbags 3,ST_UKTK_0344(30/6)_Wembley
VOCO_K108,0328E843C0,Handbags 4,ST_UKTK_0344(30/6)_Wembley
VOCO_K109,0328E84150,Handbags 5,ST_UKTK_0344(30/6)_Wembley
VOCO_K110,0328E84344,Handbags 6,ST_UKTK_0344(30/6)_Wembley
VOCO_K102,0328D3377C,Jewellery 1,ST_UKTK_0344(30/6)_Wembley
VOCO_K105,0328E9CCBB,Click and Collect,ST_UKTK_0346(35/5)_Milton Keynes Centre
VOCO_K106,0328E9CCB1,Click and Collect 2,ST_UKTK_0346(35/5)_Milton Keynes Centre
VOCO_K104,0328E891CD,Fragrance ,ST_UKTK_0346(35/5)_Milton Keynes Centre
VOCO_K107,0328E9CCBC,Fragrance 2,ST_UKTK_0346(35/5)_Milton Keynes Centre
VOCO_K101,0328E9CE9E,Handbags 1,ST_UKTK_0346(35/5)_Milton Keynes Centre
VOCO_K102,0328E9CC2B,Handbags 2,ST_UKTK_0346(35/5)_Milton Keynes Centre
VOCO_K103,0328E8703D,Sales Floor 1,ST_UKTK_0346(35/5)_Milton Keynes Centre
VOCO_K103,0328D2FADC,Click and Collect,ST_UKTK_0358(30/4)_Wimbledon
VOCO_K105,0328EA6457,Click and collect,ST_UKTK_0358(30/4)_Wimbledon
VOCO_K101,0328E8705C,Fragrance,ST_UKTK_0358(30/4)_Wimbledon
VOCO_K102,0328E870DA,Jewellery,ST_UKTK_0358(30/4)_Wimbledon
VOCO_K104,0328E870BB,Sales Floor,ST_UKTK_0358(30/4)_Wimbledon
VOCO_K103,0328E7433B,Click and Collect,ST_UKTK_0376(25/01)_Peterborough Queensgate_New
VOCO_K104,0328E9CBCE,Jewellery 2,ST_UKTK_0376(25/01)_Peterborough Queensgate_New
VOCO_K105,0328E9CBB6,Jewellery 3,ST_UKTK_0376(25/01)_Peterborough Queensgate_New
VOCO_K107,0328E8930B,Sales Floor 3,ST_UKTK_0376(25/01)_Peterborough Queensgate_New
VOCO_K103,0328E9CE67,Click and Collect,ST_UKTK_0383(70/08/01)_Meadowhall_New
VOCO_K102,0328E841C7,Jewellery 1,ST_UKTK_0383(70/08/01)_Meadowhall_New
VOCO_K104,0328EA1195,Jewellery 2,ST_UKTK_0383(70/08/01)_Meadowhall_New
VOCO_K101,0328E9CF07,Sales Floor 1,ST_UKTK_0383(70/08/01)_Meadowhall_New
VOCO_K102,0328E326D4,Handbags 1,ST_UKTK_0757(20/3)_Derby Albion Street
VOCO_K104,0328E843BD,Handbags 2,ST_UKTK_0757(20/3)_Derby Albion Street
VOCO_K101,0328E7B6F4,Click & Collect,ST_UKTK_0786(115/22/1)_Oxford Street London -1
VOCO_K102,0328E840A3,Fragrance 1,ST_UKTK_0786(115/22/1)_Oxford Street London -1
VOCO_K105,0328E840BA,Fragrance 2,ST_UKTK_0786(115/22/1)_Oxford Street London -1
VOCO_K110,0328E84307,Gold Label Handbags 2,ST_UKTK_0786(115/22/1)_Oxford Street London -1
VOCO_K122,0328E9CD22,Gold Label Handbags 5,ST_UKTK_0786(115/22/1)_Oxford Street London -1
VOCO_K114,0328E89396,Handbag 8,ST_UKTK_0786(115/22/1)_Oxford Street London -1
VOCO_K129,0328E9CCC1,Handbags 1,ST_UKTK_0786(115/22/1)_Oxford Street London -1
VOCO_K103,0328D338CC,Handbags 2,ST_UKTK_0786(115/22/1)_Oxford Street London -1
VOCO_K130,0328E9CECC,Handbags 3,ST_UKTK_0786(115/22/1)_Oxford Street London -1
VOCO_K116,0328E8922B,Handbags 4,ST_UKTK_0786(115/22/1)_Oxford Street London -1
VOCO_K106,0328E88D0D,Handbags 5,ST_UKTK_0786(115/22/1)_Oxford Street London -1
VOCO_K119,0328E88C47,Handbags 6,ST_UKTK_0786(115/22/1)_Oxford Street London -1
VOCO_K111,0328E8427C,Jewellery 1,ST_UKTK_0786(115/22/1)_Oxford Street London -1
VOCO_K104,0328D3378E,Jewellery 2,ST_UKTK_0786(115/22/1)_Oxford Street London -1
VOCO_K126,0328E88CFB,Mens Gold Label,ST_UKTK_0786(115/22/1)_Oxford Street London -1
VOCO_K125,0328E86FCF,Mens Outerwear,ST_UKTK_0786(115/22/1)_Oxford Street London -1
VOCO_K121,0328E88CBB,Sales Floor,ST_UKTK_0786(115/22/1)_Oxford Street London -1
VOCO_K120,0328E89389,Sales Floor 3,ST_UKTK_0786(115/22/1)_Oxford Street London -1
VOCO_K127,0328E89398,Sales Floor 3,ST_UKTK_0786(115/22/1)_Oxford Street London -1
VOCO_K108,0328EA74D9,Sales floor 4,ST_UKTK_0786(115/22/1)_Oxford Street London -1
VOCO_K109,0328E893FA,Womens outerwear,ST_UKTK_0786(115/22/1)_Oxford Street London -1
VOCO_K104,0328E32865,Click and Collect 1,ST_UKTK_0787(20/3)_Bracknell
VOCO_K103,0328E40642,Fragrance,ST_UKTK_0787(20/3)_Bracknell
VOCO_K101,0328E7BD2F,Fragrance,ST_UKTK_0787(20/3)_Bracknell
VOCO_K102,0328E40905,Sales Floor 1,ST_UKTK_0787(20/3)_Bracknell
VOCO_K103,02EB63D1FC,Click and Collect,ST_UKTK_0788_(30/03/06)_Oxford_Westgate
VOCO_K104,0328E84325,Fragrance,ST_UKTK_0788_(30/03/06)_Oxford_Westgate
VOCO_K102,0328E745E7,Jewellery 1,ST_UKTK_0788_(30/03/06)_Oxford_Westgate
VOCO_K101,0328D3387C,click and collect,ST_UKTK_0788_(30/03/06)_Oxford_Westgate
VOCO_K102,0328E74615,Jewellery 1,ST_UKTK_0798(20/02/03)_Workington
VOCO_K101,0328E745CF,Sales Floor 1,ST_UKTK_0798(20/02/03)_Workington
VOCO_K101,0328E8732D,Click & Collect,ST_UKTK_0799(30/03/05)_Glasgow Braehead
VOCO_K104,0328E9CBAA,Fragrance 1,ST_UKTK_0799(30/03/05)_Glasgow Braehead
VOCO_K103,0328E89469,,ST_UKTK_0799(30/03/05)_Glasgow Braehead
VOCO_K103,0328E88C33,Click and Collect,ST_UKTK_0878(65/03/01)_London Marble Arch
VOCO_K113,0328E8404C,Fragrance,ST_UKTK_0878(65/03/01)_London Marble Arch
VOCO_K105,0328E870A4,Fragrance 2,ST_UKTK_0878(65/03/01)_London Marble Arch
VOCO_K106,0328E870B8,Gold Label Handbags 1,ST_UKTK_0878(65/03/01)_London Marble Arch
VOCO_K107,0328E872BC,Gold Label Handbags 2,ST_UKTK_0878(65/03/01)_London Marble Arch
VOCO_K108,0328E86F75,Gold Label Handbags 3,ST_UKTK_0878(65/03/01)_London Marble Arch
VOCO_K109,0328E872F2,Gold Label Handbags 4,ST_UKTK_0878(65/03/01)_London Marble Arch
VOCO_K104,0328E872D6,Gold Label Handbags 5,ST_UKTK_0878(65/03/01)_London Marble Arch
VOCO_K111,0328E88C45,Mens Gold Label,ST_UKTK_0878(65/03/01)_London Marble Arch
VOCO_K101,0328E88C18,gold label handbags 6,ST_UKTK_0878(65/03/01)_London Marble Arch
VOCO_K112,0328E88D0F,,ST_UKTK_0878(65/03/01)_London Marble Arch
VOCO_K103,0328E74341,Click and Collect,ST_UKTK_101(35/02/04)_Bristol
VOCO_K104,0328E841C5,Fragrance,ST_UKTK_101(35/02/04)_Bristol
VOCO_K106,0328E88C81,Gold Label Handbag,ST_UKTK_101(35/02/04)_Bristol
VOCO_K102,0328E9CDBE,GoldLabel Handbags,ST_UKTK_101(35/02/04)_Bristol
VOCO_K103,0328E870EA,Click and Collect ,ST_UKTK_102(41/04/06)_Liverpool
VOCO_K106,0328E84045,Fragrance ,ST_UKTK_102(41/04/06)_Liverpool
VOCO_K104,0328E7B8F1,Gold Label Handbag,ST_UKTK_102(41/04/06)_Liverpool
VOCO_K102,0328E7B912,Jewellery 1,ST_UKTK_102(41/04/06)_Liverpool
VOCO_K101,0328EA7516,mens gold label,ST_UKTK_102(41/04/06)_Liverpool
VOCO_K103,0328E7BCE9,Click and Collect,ST_UKTK_105(30/01/03)_Hatfield
VOCO_K101,0328E7B71E,Fragrance 2,ST_UKTK_105(30/01/03)_Hatfield
VOCO_K103,0328E871A6,Click and Collect,ST_UKTK_107(35/02/04)_Newcastle
VOCO_K102,0328E7BE23,Fragrance 1,ST_UKTK_107(35/02/04)_Newcastle
VOCO_K104,0328E7BB20,Fragrance 2,ST_UKTK_107(35/02/04)_Newcastle
VOCO_K101,0328E32675,Mens Gold Label 1,ST_UKTK_107(35/02/04)_Newcastle
VOCO_K102,0328E7B8FD,Click and Collect 1,ST_UKTK_109(23/03/02)_Woking
VOCO_K106,0328E9CDAE,Fragrance,ST_UKTK_109(23/03/02)_Woking
VOCO_K104,0328D33975,Jewellery 2,ST_UKTK_109(23/03/02)_Woking
VOCO_K105,0328E407A5,Jewellery 3,ST_UKTK_109(23/03/02)_Woking
VOCO_K101,0328E7B90F,Sales Floor 1,ST_UKTK_109(23/03/02)_Woking
VOCO_K103,0328E0F774,Click and Collect,ST_UKTK_112(25/03/)_Hull
VOCO_K102,0328E89373,Fragrance,ST_UKTK_112(25/03/)_Hull
VOCO_K101,0328E89377,Sales Floor 1,ST_UKTK_112(25/03/)_Hull
VOCO_K105,0328DEFE90,Click 2,ST_UKTK_114(18/4)_Salisbury
VOCO_K103,0328E32860,Click and Collect,ST_UKTK_114(18/4)_Salisbury
VOCO_K104,0328E32619,Fragrance,ST_UKTK_114(18/4)_Salisbury
VOCO_K103,0328E7438C,Click and Collect,ST_UKTK_115(25/02/04)_Banbury
VOCO_K105,0328E7BB15,Fragrance,ST_UKTK_115(25/02/04)_Banbury
VOCO_K102,0328E743B2,Jewellery 1,ST_UKTK_115(25/02/04)_Banbury
VOCO_K102,0328E9CE39,Fragrance,ST_UKTK_116(20/2)_Preston
VOCO_K101,0328E4078B,Jewellery,ST_UKTK_116(20/2)_Preston
VOCO_K103,0328E7B92A,Click and Collect,ST_UKTK_117(30/03/05)_Ilford
VOCO_K101,0328E7B91F,Fragrance,ST_UKTK_117(30/03/05)_Ilford
VOCO_K106,0328E9CC65,Mens Department,ST_UKTK_117(30/03/05)_Ilford
VOCO_K107,0328E9CCC8,Womens Department,ST_UKTK_117(30/03/05)_Ilford
VOCO_K103,02EB63D1D0,Click and Collect,ST_UKTK_118(28/05/02)_Glasgow
VOCO_K106,0328EA136A,Fragrance 2,ST_UKTK_118(28/05/02)_Glasgow
VOCO_K105,02EB63D29C,Sales Floor 3,ST_UKTK_118(28/05/02)_Glasgow
VOCO_K102,0328D343A0,Click and Collect,ST_UKTK_119(25/01/04)_Harrogate
VOCO_K101,0328E834D7,Fragrance,ST_UKTK_119(25/01/04)_Harrogate
VOCO_K101,0328E329CE,Click and Collect,ST_UKTK_120(30/3/5)_Merry Hill
VOCO_K102,0328E329D9,Fragrance,ST_UKTK_120(30/3/5)_Merry Hill
VOCO_K103,0328E7B74B,Click and Collect,ST_UKTK_121(35/02/05)_Leicester
VOCO_K102,0328DAC08A,Click and collect 2,ST_UKTK_121(35/02/05)_Leicester
VOCO_K104,0328E326C9,Fragrance,ST_UKTK_121(35/02/05)_Leicester
VOCO_K101,0328E84050,Fragrance 2,ST_UKTK_121(35/02/05)_Leicester
VOCO_K102,0328EA13B6,Fragrance,ST_UKTK_122(30/2)_Plymouth
VOCO_K101,0328D343E1,Sales Floor 1,ST_UKTK_122(30/2)_Plymouth
VOCO_K103,0328DAC096,Click and Collect,ST_UKTK_123(35/02/06)_Sheffield
VOCO_K104,0328E832FF,Fragrance 1 ,ST_UKTK_123(35/02/06)_Sheffield
VOCO_K102,0328E88CF6,Fragrance 2,ST_UKTK_123(35/02/06)_Sheffield
VOCO_K102,0328E86FD5,Click and Collect,ST_UKTK_124(23/02/04)_Slough
VOCO_K101,0328E744B9,Click and Collect,ST_UKTK_127(41/03/04)_Leeds
VOCO_K107,0328E870E8,Fragrance 3,ST_UKTK_127(41/03/04)_Leeds
VOCO_K106,0328E84044,Gold Label Handbag 1,ST_UKTK_127(41/03/04)_Leeds
VOCO_K104,0328E744B4,Sales Floor 1,ST_UKTK_127(41/03/04)_Leeds
VOCO_K105,0328E840C5,Sales Floor 2,ST_UKTK_127(41/03/04)_Leeds
VOCO_K109,0328EA1115,Sales floor 3,ST_UKTK_127(41/03/04)_Leeds
VOCO_K102,0328E7BE0B,Click and Collect 1,ST_UKTK_128(25/02/04)_Cheltenham
VOCO_K101,0328D34342,Fragrance 1,ST_UKTK_128(25/02/04)_Cheltenham
VOCO_K103,0328D33AF0,Fragrance 2,ST_UKTK_128(25/02/04)_Cheltenham
VOCO_K104,0328EA1315,Jewellery 1,ST_UKTK_128(25/02/04)_Cheltenham
VOCO_K103,0328D3397A,Click and Collect,ST_UKTK_130(25/02/04)_Lincoln
VOCO_K104,0328E9CCAB,Fragrance,ST_UKTK_130(25/02/04)_Lincoln
VOCO_K102,0328D33970,Jewellery 1,ST_UKTK_130(25/02/04)_Lincoln
VOCO_K101,0328D33951,Sales Floor 1,ST_UKTK_130(25/02/04)_Lincoln
VOCO_K103,0328EA741F,Click and Collect,ST_UKTK_131(15/1)_Sheffield Wadsley Bridge
VOCO_K101,0328E9CC9B,Fragrance 1,ST_UKTK_131(15/1)_Sheffield Wadsley Bridge
VOCO_K101,0328E742A2,Click and collect,ST_UKTK_135(20/3/4)_Team Valley
VOCO_K102,0328DABB28,Fragrance,ST_UKTK_135(20/3/4)_Team Valley
VOCO_K109,0328DAC0B9,Home Dept,ST_UKTK_135(20/3/4)_Team Valley
VOCO_K103,0328EA13AA,Fragrance,ST_UKTK_136(20/03/04)_Falkirk
VOCO_K102,0328E327DC,Sales Floor 1,ST_UKTK_136(20/03/04)_Falkirk
VOCO_K104,0328E8947D,Click and Collect,ST_UKTK_138(41/03/10)_Cardiff
VOCO_K103,0328E894A2,Fragrance,ST_UKTK_138(41/03/10)_Cardiff
VOCO_K106,0328E89369,Jewellery,ST_UKTK_138(41/03/10)_Cardiff
VOCO_K102,0328E9CD08,Fragrance,ST_UKTK_139(20/1)_Carmarthen
VOCO_K101,0328E86FB7,Click and Collect,ST_UKTK_140(23/03/02)_Ipswich
VOCO_K104,0328E86D9E,Fragrance,ST_UKTK_140(23/03/02)_Ipswich
VOCO_K102,0328E86FD8,Jewellery 1,ST_UKTK_140(23/03/02)_Ipswich
VOCO_K103,0328E86FC9,Jewellery 2,ST_UKTK_140(23/03/02)_Ipswich
VOCO_K101,0328E86F7B,Jewellery,ST_UKTK_143(20/3)_Bury
VOCO_K102,0328E9CD32,Click and Collect,ST_UKTK_146(20/01/03)_Carlisle
VOCO_K101,0328EA1211,Fragrance,ST_UKTK_146(20/01/03)_Carlisle
VOCO_K101,0328E7B8DC,Sales Floor 1,ST_UKTK_147(20/1)_Wrexham
VOCO_K101,0328E9CE5D,Fragrance,ST_UKTK_148_Middlesbrough N/S 20/02/04
VOCO_K104,0328E894CA,Fragrance 1,ST_UKTK_149(35/02/04)_Dundee
VOCO_K102,0328E9CE54,Fragrance 2,ST_UKTK_149(35/02/04)_Dundee
VOCO_K101,0328D338AE,Sales Floor 1,ST_UKTK_149(35/02/04)_Dundee
VOCO_K103,0328E0F70D,Click and Collect,ST_UKTK_151(20/02/03)_Newbury
VOCO_K102,0328E9CC4D,Fragrance,ST_UKTK_151(20/02/03)_Newbury
VOCO_K101,0328D343E8,Sales Floor 1,ST_UKTK_151(20/02/03)_Newbury
VOCO_K103,0328E7B6CA,Click and Collect,ST_UKTK_154(25/03/03)_Telford
VOCO_K101,0328EA138B,Fragrance,ST_UKTK_154(25/03/03)_Telford
VOCO_K104,0328E0F63B,Sales Floor 1,ST_UKTK_154(25/03/03)_Telford
VOCO_K103,0328DAC07B,Click and Collect,ST_UKTK_155(20/1)_Salford
VOCO_K101,0328E9CEA9,Fragrance,ST_UKTK_155(20/1)_Salford
VOCO_K101,0328E8702E,Click and Collect,ST_UKTK_157(30/02/04)_Southend
VOCO_K103,0328E0F57C,Fragrance 1,ST_UKTK_157(30/02/04)_Southend
VOCO_K106,0328E89298,Click and Collect,ST_UKTK_158(23/03/02)_St Albans
VOCO_K102,02EB63D3D0,Click and Collect 2,ST_UKTK_158(23/03/02)_St Albans
VOCO_K101,0328E892A8,Fragrance,ST_UKTK_158(23/03/02)_St Albans
VOCO_K102,0328E9CD0D,Fragrance,ST_UKTK_159(20/1)_Kirkcaldy
VOCO_K101,0328D33A0B,Sales Floor 1,ST_UKTK_159(20/1)_Kirkcaldy
VOCO_K103,0328E40929,Click and Collect,ST_UKTK_162(23/03/02)_Craigavon
VOCO_K102,0328E9CF22,Fragrance,ST_UKTK_162(23/03/02)_Craigavon
VOCO_K101,0328EA10CA,Click and Collect,ST_UKTK_163(30/02/04)_Bradford
VOCO_K103,0328E86BBA,Fragrance,ST_UKTK_163(30/02/04)_Bradford
VOCO_K102,0328E87111,Sales floor,ST_UKTK_163(30/02/04)_Bradford
VOCO_K104,0328EA73D2,Fragrance,ST_UKTK_164(23/03/04)_Hereford
VOCO_K102,0328EA750C,Fragrance 3,ST_UKTK_164(23/03/04)_Hereford
VOCO_K102,0328E40728,Jewellery 1,ST_UKTK_165(15/2)_Coatbridge
VOCO_K101,0328D33B11,Sales Floor 1,ST_UKTK_165(15/2)_Coatbridge
VOCO_K103,0328E0F674,Click and Collect,ST_UKTK_166(20/02/07)_Barnsley
VOCO_K102,0328E9CEA5,Fragrance,ST_UKTK_166(20/02/07)_Barnsley
VOCO_K101,0328E0F666,Sales Floor 1,ST_UKTK_166(20/02/07)_Barnsley
VOCO_K102,0328EA13C8,Fragrance,ST_UKTK_167(20/1)_Warrington
VOCO_K106,0328E86FA7,Click and Collect,ST_UKTK_168(48/4)_Kingston
VOCO_K102,0328E840A1,Click and collect,ST_UKTK_168(48/4)_Kingston
VOCO_K105,0328EA73F4,Fragrance,ST_UKTK_168(48/4)_Kingston
VOCO_K101,0328E74299,Gold Label Handbags,ST_UKTK_168(48/4)_Kingston
VOCO_K103,0328E88C66,Sales Floor 1,ST_UKTK_168(48/4)_Kingston
VOCO_K107,0328E74579,Sales Floor 2,ST_UKTK_168(48/4)_Kingston
VOCO_K104,0328EA73FB,Sales floor 2,ST_UKTK_168(48/4)_Kingston
VOCO_K101,0328E9CEFA,Click and Collect,ST_UKTK_170(30/02/05)_Bletchley
VOCO_K103,0328EA10D9,Fragrance 1,ST_UKTK_170(30/02/05)_Bletchley
VOCO_K101,0328EA13BB,Fragrance,ST_UKTK_171(20/02/03)_Burton
VOCO_K102,0328DF05FD,click&collect,ST_UKTK_171(20/02/03)_Burton
VOCO_K103,0328E7BE19,Fragrance,ST_UKTK_174(20/01/02)_Andover
VOCO_K102,0328E7B8B0,Jewellery 1,ST_UKTK_174(20/01/02)_Andover
VOCO_K101,0328D33A37,Sales Floor 1,ST_UKTK_174(20/01/02)_Andover
VOCO_K104,0328E86F7A,Click and Collect,ST_UKTK_179(25/3)_Wolverhampton
VOCO_K106,0328E86FA4,Fragrance,ST_UKTK_179(25/3)_Wolverhampton
VOCO_K101,0328EA138F,Fragrance 2,ST_UKTK_179(25/3)_Wolverhampton
VOCO_K105,0328E89315,Jewellery,ST_UKTK_179(25/3)_Wolverhampton
VOCO_K101,0328E9CD17,Click and Collect,ST_UKTK_180(20/2)_Worthing
VOCO_K104,0328E8937E,Fragrance 1,ST_UKTK_180(20/2)_Worthing
VOCO_K103,0328E9CF17,Click and Collect,ST_UKTK_181(20/1/5)_Wakefield
VOCO_K102,0328E329E2,Jewellery 1,ST_UKTK_181(20/1/5)_Wakefield
VOCO_K101,0328E32155,Sales Floor 1,ST_UKTK_181(20/1/5)_Wakefield
VOCO_K102,0328E7BA26,Click and Collect 2,ST_UKTK_182(20/03/03)_Castle Vale
VOCO_K101,0328E7BA07,Click and Collect 3,ST_UKTK_182(20/03/03)_Castle Vale
VOCO_K103,0328E7BB08,Fragrance,ST_UKTK_182(20/03/03)_Castle Vale
VOCO_K102,0328E9CD2C,Fragrance,ST_UKTK_185(20/1)_Torquay
VOCO_K101,0328E3285C,Sales Floor 1,ST_UKTK_185(20/1)_Torquay
VOCO_K101,0328E9CF2F,Fragrance 1,ST_UKTK_186(20/02/03)_Inverness
VOCO_K105,0328D33849,Click and Collect,ST_UKTK_187(23/03/02)_Bexleyheath
VOCO_K102,0328E7BD88,Fragrance,ST_UKTK_187(23/03/02)_Bexleyheath
VOCO_K104,0328E9CD4D,Handbags,ST_UKTK_187(23/03/02)_Bexleyheath
VOCO_K103,0328E9CD5E,Handbags,ST_UKTK_187(23/03/02)_Bexleyheath
VOCO_K101,0328E87004,Jewellery,ST_UKTK_187(23/03/02)_Bexleyheath
VOCO_K103,0328E9CF24,Fragrance,ST_UKTK_188(20/2/4)_Birkenhead
VOCO_K101,0328E9CF2C,Fragrance,ST_UKTK_189(15/1)_Runcorn
VOCO_K102,0328E892A9,click and collect,ST_UKTK_189(15/1)_Runcorn
VOCO_K103,0328DEFF2A,Click and Collect,ST_UKTK_193(20/1)_Redditch
VOCO_K101,0328E744B0,Click and Collect,ST_UKTK_194(20/01/03)_Perth
VOCO_K102,0328E9CD0B,Fragrance,ST_UKTK_194(20/01/03)_Perth
VOCO_K101,0328D2FA4E,Click and Collect,ST_UKTK_195(23/03/02)_Chilwell
VOCO_K103,0328DF03DD,Click and Collect,ST_UKTK_195(23/03/02)_Chilwell
VOCO_K102,0328E86F6C,Click and Collect,ST_UKTK_196(23/3)_Colchester
VOCO_K105,0328E9CD41,Fragrance,ST_UKTK_196(23/3)_Colchester
VOCO_K104,0328E9CBEA,Handbags,ST_UKTK_196(23/3)_Colchester
VOCO_K103,0328E86FB3,jewellery,ST_UKTK_196(23/3)_Colchester
VOCO_K101,0328E9CD2E,Click and Collect,ST_UKTK_199(20/01/03)_Grimsby
VOCO_K103,0328EA139C,Fragrance ,ST_UKTK_199(20/01/03)_Grimsby
VOCO_K102,0328EA76CA,Fragrance,ST_UKTK_200(20/01/03)_Rochdale
VOCO_K101,0328E7B9C8,Sales Floor 1,ST_UKTK_200(20/01/03)_Rochdale
VOCO_K101,0328DEFF31,Click & Collect,ST_UKTK_201(20/1)_Aberdeen
VOCO_K102,0328EA76AA,Fragrance,ST_UKTK_201(20/1)_Aberdeen
VOCO_K101,0328E3250E,Click & Collect,ST_UKTK_202(20/03/03)_Burnley
VOCO_K104,0328E9CE41,Fragrance,ST_UKTK_202(20/03/03)_Burnley
VOCO_K102,0328DDFE94,Handbags 4,ST_UKTK_202(20/03/03)_Burnley
VOCO_K103,0328E7B8A4,C&C,ST_UKTK_203(30/01/03)_Cheadle
VOCO_K108,0328E9CC5B,Click and Collect,ST_UKTK_203(30/01/03)_Cheadle
VOCO_K104,0328E408D8,Fragrance,ST_UKTK_203(30/01/03)_Cheadle
VOCO_K109,0328EA6462,Fragrance,ST_UKTK_203(30/01/03)_Cheadle
VOCO_K105,0328E408F1,Gold Label Handbags,ST_UKTK_203(30/01/03)_Cheadle
VOCO_K107,0328EA649A,Gold Label Handbags,ST_UKTK_203(30/01/03)_Cheadle
VOCO_K103,0328EA10FC,Click and Collect 1,ST_UKTK_204(20/01/03)_Kilmarnock
VOCO_K102,0328E9CD71,Fragrance,ST_UKTK_204(20/01/03)_Kilmarnock
VOCO_K102,0328E88BD4,Click and Collect,ST_UKTK_205(23/03/02)_Newry
VOCO_K101,0328E9CE43,Fragrance,ST_UKTK_205(23/03/02)_Newry
VOCO_K104,0328E7B765,Jewellery 2,ST_UKTK_205(23/03/02)_Newry
VOCO_K103,0328E7BDF0,Click and Collect,ST_UKTK_207(20/3)_Selly Oak
VOCO_K106,0328E8919F,Click and Collect,ST_UKTK_207(20/3)_Selly Oak
VOCO_K101,0328E871D7,Fragrance,ST_UKTK_207(20/3)_Selly Oak
VOCO_K104,0328E9CE26,Fragrance,ST_UKTK_207(20/3)_Selly Oak
VOCO_K101,0328EA73FF,Click and Collect 1,ST_UKTK_208(20/2)_St Helens
VOCO_K103,0328EA73D5,Fragrance 1,ST_UKTK_208(20/2)_St Helens
VOCO_K102,0328E7B759,Sales Floor 2,ST_UKTK_208(20/2)_St Helens
VOCO_K101,02EB63CF29,Click and Collect,ST_UKTK_209(35/3/9)_Swindon
VOCO_K103,0328E326FF,Jewellery 1,ST_UKTK_209(35/3/9)_Swindon
VOCO_K105,0328E9CD04,Jewellery 2,ST_UKTK_209(35/3/9)_Swindon
VOCO_K102,02EB63D38B,Jewellery 1,ST_UKTK_210(23/03/02)_Epsom
VOCO_K101,02EB63D127,Sales Floor 1,ST_UKTK_210(23/03/02)_Epsom
VOCO_K103,0328E74297,Click and Collect,ST_UKTK_211(24/3/4)_Bolton -2
VOCO_K104,0328E9CF27,Fragrance 1,ST_UKTK_211(24/3/4)_Bolton -2
VOCO_K102,0328E7B6C0,Jewellery 1,ST_UKTK_211(24/3/4)_Bolton -2
VOCO_K101,0328E743E5,Sales Floor 1,ST_UKTK_211(24/3/4)_Bolton -2
VOCO_K102,0328EA13CE,Fragrance,ST_UKTK_213(23/03/04)_Waterlooville
VOCO_K104,0328E9CE47,Jewellery 1,ST_UKTK_213(23/03/04)_Waterlooville
VOCO_K101,0328D84284,Sales Floor 1,ST_UKTK_213(23/03/04)_Waterlooville
VOCO_K103,0328DEFE8C,click and collect,ST_UKTK_213(23/03/04)_Waterlooville
VOCO_K102,0328E871E3,Click and Collect,ST_UKTK_214(23/03/02)_Doncaster
VOCO_K101,0328E7B824,Fragrance,ST_UKTK_214(23/03/02)_Doncaster
VOCO_K103,0328EA76D1,Fragrance,ST_UKTK_214(23/03/02)_Doncaster
VOCO_K102,0328E9CEA6,Fragrance,ST_UKTK_215(20/1)_Scunthorpe
VOCO_K101,0328D3380D,Sales Floor 1,ST_UKTK_215(20/1)_Scunthorpe
VOCO_K102,0328E9CF25,Fragrance,ST_UKTK_216(25/02/06)_Huddersfield
VOCO_K101,0328D342D8,Sales Floor 1,ST_UKTK_216(25/02/06)_Huddersfield
VOCO_K106,0328E7BD9E,Fragrance,ST_UKTK_218(25/1)_Chester
VOCO_K102,0328E84297,Handbags 1,ST_UKTK_218(25/1)_Chester
VOCO_K103,0328E840D6,Handbags 2,ST_UKTK_218(25/1)_Chester
VOCO_K104,0328E84126,Handbags 3,ST_UKTK_218(25/1)_Chester
VOCO_K105,0328E843CB,Handbags 4,ST_UKTK_218(25/1)_Chester
VOCO_K101,0328E834A1,Fragrance 1,ST_UKTK_219(20/3)_Solihull Sears
VOCO_K103,0328EA138D,Fragrance,ST_UKTK_221(25/04/04)_Straiton
VOCO_K102,0328E407B0,Jewellery 1,ST_UKTK_221(25/04/04)_Straiton
VOCO_K101,0328E406C7,Sales Floor 1,ST_UKTK_221(25/04/04)_Straiton
VOCO_K102,0328EA13AF,Fragrance,ST_UKTK_223(20/1)_Rotherham (NEW)
VOCO_K101,0328E7B79A,Sales Floor 1,ST_UKTK_223(20/1)_Rotherham (NEW)
VOCO_K101,0328E87016,Click and Collect 1,ST_UKTK_225(20/2)_Truro
VOCO_K104,0328E9CD06,Fragrance,ST_UKTK_225(20/2)_Truro
VOCO_K103,0328E86FC7,Jewellery 1,ST_UKTK_225(20/2)_Truro
VOCO_K101,0328E8352C,Fragrance 1,ST_UKTK_226(20/3)_Poole
VOCO_K102,0328E9CEBF,Fragrance,ST_UKTK_228(20/1)_Dumfries
VOCO_K101,0328D339AC,Sales Floor 1,ST_UKTK_228(20/1)_Dumfries
VOCO_K102,0328E89242,Click and Collect,ST_UKTK_229(20/2)_Bangor
VOCO_K103,0328E9CF29,Fragrance,ST_UKTK_229(20/2)_Bangor
VOCO_K101,0328E89249,fitting rooms,ST_UKTK_229(20/2)_Bangor
VOCO_K103,0328E9CD15, Fragrance 1,ST_UKTK_230(30/02/03)_Exeter
VOCO_K102,0328E9CD21,Click and Collect,ST_UKTK_230(30/02/03)_Exeter
VOCO_K103,0328E325B8,Click and Collect,ST_UKTK_231(23/03/04)_Rugby
VOCO_K105,0328E9CEEC,Click and Collect,ST_UKTK_231(23/03/04)_Rugby
VOCO_K107,0328E9CF31,Fragrance,ST_UKTK_231(23/03/04)_Rugby
VOCO_K106,0328E9CEFD,Jewellery,ST_UKTK_231(23/03/04)_Rugby
VOCO_K104,0328DABC07,Sales Floor 1,ST_UKTK_231(23/03/04)_Rugby
VOCO_K103,0328E7B8BC,Click and Collect,ST_UKTK_232(23/02/04)_Tamworth
VOCO_K105,0328EA13C6,Fragrance,ST_UKTK_232(23/02/04)_Tamworth
VOCO_K102,0328EA137A,Fragrance,ST_UKTK_233(20/1)_Canterbury
VOCO_K101,0328E32555,Sales Floor 1,ST_UKTK_233(20/1)_Canterbury
VOCO_K104,0328E9CBCF,Click and Collect,ST_UKTK_235(20/3)_East Kilbride
VOCO_K105,0328E9CE14,Click and Collect,ST_UKTK_235(20/3)_East Kilbride
VOCO_K101,0328E9CD09,Fragrance,ST_UKTK_235(20/3)_East Kilbride
VOCO_K102,0328E86F99,Click and Collect 1,ST_UKTK_236(20/3)_Trafford Park
VOCO_K105,0328E86CD4,Fragrance 2,ST_UKTK_236(20/3)_Trafford Park
VOCO_K101,0328EA13CC,Fragrance,ST_UKTK_237(20/2/2)_Newport
VOCO_K104,0328EA11EB,Click and Collect,ST_UKTK_240(20/2)_Ashford
VOCO_K103,0328E7BD64,Fragrance,ST_UKTK_240(20/2)_Ashford
VOCO_K102,0328EA7413,Click and collect,ST_UKTK_241(23/03/04)_Boucher Rd
VOCO_K101,0328EA76B2,Fragrance,ST_UKTK_241(23/03/04)_Boucher Rd
VOCO_K102,0328E9CE38,Click and Collect 1,ST_UKTK_242(25/2)_Bristol Cribbs Causeway
VOCO_K104,0328E7436C,Fragrance 1,ST_UKTK_242(25/2)_Bristol Cribbs Causeway
VOCO_K101,0328E86DBE,Click and Collect,ST_UKTK_243(25/2)_Chelmsford
VOCO_K101,0328EA13B3,Fragrance,ST_UKTK_245(20/1)_Loughborough
VOCO_K102,0328E32559,Jewellery 1,ST_UKTK_245(20/1)_Loughborough
VOCO_K104,02EB63CFCF,Click and Collect,ST_UKTK_246(28/03/02)_Northampton_2
VOCO_K101,0328E7B6D5,Fragrance 1,ST_UKTK_246(28/03/02)_Northampton_2
VOCO_K102,0328E9CDD5,Fragrance 2,ST_UKTK_246(28/03/02)_Northampton_2
VOCO_K105,0328E84047,Jewellery,ST_UKTK_246(28/03/02)_Northampton_2
VOCO_K101,0328E9CEA7,Click & Collect,ST_UKTK_247(20/02/03)_Scarborough
VOCO_K103,0328EA7447,Fragrance 1,ST_UKTK_247(20/02/03)_Scarborough
VOCO_K102,0328D3384B,Fragrance 1,ST_UKTK_248(20/1)_Kidderminster
VOCO_K101,0328E0F773,Click and Collect,ST_UKTK_250(20/3)_Norwich
VOCO_K102,0328E0F6B6,Click and Collect 2,ST_UKTK_250(20/3)_Norwich
VOCO_K104,0328E7BDF7,Fragrance,ST_UKTK_250(20/3)_Norwich
VOCO_K102,0328E9CF6F,Fragrance,ST_UKTK_251(20/1)_Craigleith
VOCO_K101,0328D337C7,Sales Floor 1,ST_UKTK_251(20/1)_Craigleith
VOCO_K105,0328D3392B,Assistance Required,ST_UKTK_252(20/2)_Sutton Coldfield
VOCO_K104,0328E8410A,Assistance Required,ST_UKTK_252(20/2)_Sutton Coldfield
VOCO_K103,0328E8411E,Click & Collect,ST_UKTK_252(20/2)_Sutton Coldfield
VOCO_K106,0328E9CEB4,Fragrance,ST_UKTK_252(20/2)_Sutton Coldfield
VOCO_K102,0328E8411F,Handbags 2,ST_UKTK_252(20/2)_Sutton Coldfield
VOCO_K105,0328E7B6A3,Jewellery,ST_UKTK_254(23/3)_Harlow
VOCO_K104,02EB63D1DB,Jewellery 2,ST_UKTK_254(23/3)_Harlow
VOCO_K102,02EB63D1CA,Mens Outerwear 2 ,ST_UKTK_254(23/3)_Harlow
VOCO_K101,0328E0F79D,Sales Floor 1,ST_UKTK_254(23/3)_Harlow
VOCO_K106,0328E7B920,Sales Floor 2,ST_UKTK_254(23/3)_Harlow
VOCO_K103,0328E87132,Click and Collect,ST_UKTK_255(25/03/04)_Sutton
VOCO_K101,0328E8707E,Jewellery,ST_UKTK_255(25/03/04)_Sutton
VOCO_K106,0328E893C7,Click and Collect 2,ST_UKTK_257(23/03/04)_Denton
VOCO_K107,0328EA1095,Fragrance,ST_UKTK_257(23/03/04)_Denton
VOCO_K101,0328E74324,Fragrance 1,ST_UKTK_257(23/03/04)_Denton
VOCO_K105,0328E74313,Fragrance 2,ST_UKTK_257(23/03/04)_Denton
VOCO_K104,0328E7BD6F,Fragrance cabinet,ST_UKTK_257(23/03/04)_Denton
VOCO_K102,0328E86F95,Jewellery,ST_UKTK_257(23/03/04)_Denton
VOCO_K103,0328E742A3,click and collect,ST_UKTK_257(23/03/04)_Denton
VOCO_K101,0328E7B840,Click & Collect ,ST_UKTK_258(20/1)_Ballymena
VOCO_K102,0328E9CE1E,Fragrance,ST_UKTK_258(20/1)_Ballymena
VOCO_K103,0328E8429E,Click and Collect,ST_UKTK_260(25/1)_Bedford Interchange Retail Park
VOCO_K105,0328E843CF,Handbags,ST_UKTK_260(25/1)_Bedford Interchange Retail Park
VOCO_K102,0328E8429A,Handbags 1,ST_UKTK_260(25/1)_Bedford Interchange Retail Park
VOCO_K101,0328D343E9,Handbags 3,ST_UKTK_260(25/1)_Bedford Interchange Retail Park
VOCO_K101,0328E7B78A,Click and Collect 2 ,ST_UKTK_261(23/3)_Aylesbury
VOCO_K105,0328E9CE1A,Fragrance,ST_UKTK_261(23/3)_Aylesbury
VOCO_K104,0328E320EE,Knife Cabinet,ST_UKTK_261(23/3)_Aylesbury
VOCO_K102,0328E7B6C2,sales_floor 1,ST_UKTK_261(23/3)_Aylesbury
VOCO_K101,0328D338AB,Fragrance,ST_UKTK_263(30/02/04)_Glasgow Fort
VOCO_K102,0328E7BB36,Jewellery 1,ST_UKTK_263(30/02/04)_Glasgow Fort
VOCO_K103,0328EA645D,Click and Collect ,ST_UKTK_264(20/1)_Crystal Peaks
VOCO_K102,0328E9CDFA,Fragrance,ST_UKTK_264(20/1)_Crystal Peaks
VOCO_K101,0328E74599,Sales Floor 1,ST_UKTK_264(20/1)_Crystal Peaks
VOCO_K102,0328E742B0,Click and Collect,ST_UKTK_267(25/02/03)_Swansea Morfa
VOCO_K101,0328E9CD12,Fragrance,ST_UKTK_267(25/02/03)_Swansea Morfa
VOCO_K103,0328E328F2,click&collect,ST_UKTK_267(25/02/03)_Swansea Morfa
VOCO_K102,0328E7BB43,Fragrance,ST_UKTK_269(20/01/03)_Elgin
VOCO_K101,0328E74321,Sales Floor 1,ST_UKTK_269(20/01/03)_Elgin
VOCO_K105,0328E4077C,Click and Collect,ST_UKTK_271(23/03/04)_Manchester The Fort
VOCO_K103,0328E86CA5,Fragrance,ST_UKTK_271(23/03/04)_Manchester The Fort
VOCO_K106,0328E9CC05,Handbags 2,ST_UKTK_271(23/03/04)_Manchester The Fort
VOCO_K102,0328DABB8B,Jewellery,ST_UKTK_271(23/03/04)_Manchester The Fort
VOCO_K101,0328E4077D,sales floor 2,ST_UKTK_271(23/03/04)_Manchester The Fort
VOCO_K102,0328E8701E,Click and Collect,ST_UKTK_272(20/3)_Dartford
VOCO_K101,0328E86CCE,Fragrance,ST_UKTK_272(20/3)_Dartford
VOCO_K104,0328E86FE2,Fragrance 2,ST_UKTK_272(20/3)_Dartford
VOCO_K103,0328E86FFD,Sales Floor ,ST_UKTK_272(20/3)_Dartford
VOCO_K102,0328E87063,Click and Collect 2,ST_UKTK_280(20/01/03)_Halifax -1
VOCO_K105,0328E9CE6E,Fragrance,ST_UKTK_280(20/01/03)_Halifax -1
VOCO_K104,0328E8707B,Sales Floor 1,ST_UKTK_280(20/01/03)_Halifax -1
VOCO_K102,0328E9CF15,Fragrance 1,ST_UKTK_281(15/1)_Prestatyn
VOCO_K102,0328E87286,Click and Collect,ST_UKTK_282(20/02/03)_Oldham
VOCO_K101,0328EA742C,Click and Collect,ST_UKTK_282(20/02/03)_Oldham
VOCO_K103,0328E9CF1D,Fragrance,ST_UKTK_282(20/02/03)_Oldham
VOCO_K105,0328EA7518,Handbags,ST_UKTK_282(20/02/03)_Oldham
VOCO_K103,0328E7B6DB,Click and Collect,ST_UKTK_284(30/02/03)_Beckton
VOCO_K106,0328E891BE,Fragrance 1,ST_UKTK_284(30/02/03)_Beckton
VOCO_K107,0328E894CD,Fragrance 2,ST_UKTK_284(30/02/03)_Beckton
VOCO_K102,0328E8712E,Gold Label Handbags,ST_UKTK_284(30/02/03)_Beckton
VOCO_K105,0328E8403C,Handbags 1,ST_UKTK_284(30/02/03)_Beckton
VOCO_K112,0328E7435D,Handbags 2,ST_UKTK_284(30/02/03)_Beckton
VOCO_K109,0328E9CE21,Handbags 4,ST_UKTK_284(30/02/03)_Beckton
VOCO_K110,0328E9CECF,Mens Jackets,ST_UKTK_284(30/02/03)_Beckton
VOCO_K101,0328E9CED2,Womens Jackets,ST_UKTK_284(30/02/03)_Beckton
VOCO_K104,0328EA74EA,Click and Collect,ST_UKTK_286(23/03/04)_Staines
VOCO_K102,0328EA7580,Fragrance,ST_UKTK_286(23/03/04)_Staines
VOCO_K101,0328EA7524,Jewellery,ST_UKTK_286(23/03/04)_Staines
VOCO_K103,0328EA7525,Sales Floor ,ST_UKTK_286(23/03/04)_Staines
VOCO_K103,0328E86CA9,Fragrance 1,ST_UKTK_287/654(20/03/05)_Lisnagelvin
VOCO_K104,0328EA12BC,Fragrance Cabinet,ST_UKTK_287/654(20/03/05)_Lisnagelvin
VOCO_K102,0328D33B0B,Jewellery 1,ST_UKTK_287/654(20/03/05)_Lisnagelvin
VOCO_K101,0328D33811,Sales Floor 1,ST_UKTK_287/654(20/03/05)_Lisnagelvin
VOCO_K103,0328EA73DF,Click and collect,ST_UKTK_288(30/02/05)_Leeds Crown Point
VOCO_K101,0328E8404F,Fragrance,ST_UKTK_288(30/02/05)_Leeds Crown Point
VOCO_K108,0328E89383,Jewellery,ST_UKTK_288(30/02/05)_Leeds Crown Point
VOCO_K102,0328E7B919,click and collect,ST_UKTK_288(30/02/05)_Leeds Crown Point
VOCO_K101,0328E7B8DD,Fragrance,ST_UKTK_294(20/2)_Byker
VOCO_K102,0328E8727A,Click and Collect,ST_UKTK_295(18/3)_Crawley
VOCO_K103,02EB63CD74,Click and collect 2,ST_UKTK_295(18/3)_Crawley
VOCO_K105,0328E8724F,Fragrance,ST_UKTK_295(18/3)_Crawley
VOCO_K101,0328EA13C4,Fragrance 2,ST_UKTK_295(18/3)_Crawley
VOCO_K101,0328D33874,Sales Floor 1,ST_UKTK_297(20/01/03)_Nuneaton
VOCO_K101,0328E9CE90,Fragrance,ST_UKTK_298(20/2/3)_Kings Lynn
VOCO_K106,0328E891B5,Click & Collect,ST_UKTK_299(41/03/05)_Nottingham Trinity Square
VOCO_K105,0328E891CB,Click & Collect,ST_UKTK_299(41/03/05)_Nottingham Trinity Square
VOCO_K107,0328E891CC,Click & Collect,ST_UKTK_299(41/03/05)_Nottingham Trinity Square
VOCO_K104,0328E88D16,Fragrance,ST_UKTK_299(41/03/05)_Nottingham Trinity Square
VOCO_K101,0328E89200,Fragrance,ST_UKTK_299(41/03/05)_Nottingham Trinity Square
VOCO_K101,0328E9CE61,Fragrance,ST_UKTK_300(20/1)_Blackburn
VOCO_K101,0328E9CE49,Fragrance 1,ST_UKTK_303(20/1)_Great Yarmouth
VOCO_K105,0328E9CC29,Click and Collect,ST_UKTK_306(30/01/03)_Stockton
VOCO_K101,0328E86BB8,Fragrance,ST_UKTK_306(30/01/03)_Stockton
VOCO_K102,0328E7BE1A,Fragrance 2,ST_UKTK_306(30/01/03)_Stockton
VOCO_K104,0328E9CF71,Handbags 1,ST_UKTK_306(30/01/03)_Stockton
VOCO_K103,0328E8711E,Click and Collect 1,ST_UKTK_307(20/2)_Newmarket
VOCO_K101,0328E86BB4,Fragrance,ST_UKTK_307(20/2)_Newmarket
VOCO_K101,0328DF03C5,Click and Collect,ST_UKTK_308(23/03/04)_Norwich Castle Mall
VOCO_K103,0328E870E2,Fragrance,ST_UKTK_308(23/03/04)_Norwich Castle Mall
VOCO_K104,0328E9CF1F,Fragrance 2,ST_UKTK_308(23/03/04)_Norwich Castle Mall
VOCO_K102,0328E870EB,Sales Floor,ST_UKTK_308(23/03/04)_Norwich Castle Mall
VOCO_K101,0328E834D5,Fragrance 1,ST_UKTK_309(20/1)_Darlington
VOCO_K103,0328E743CF,Click and Collect,ST_UKTK_311-851(45/08/06)_Oxford Cowley
VOCO_K104,0328E743CD,Fragrance,ST_UKTK_311-851(45/08/06)_Oxford Cowley
VOCO_K102,0328E742A8,Jewellery 1,ST_UKTK_311-851(45/08/06)_Oxford Cowley
VOCO_K105,0328E8432C,Jewellery 3,ST_UKTK_311-851(45/08/06)_Oxford Cowley
VOCO_K101,0328E7B751,Sales Floor 1,ST_UKTK_311-851(45/08/06)_Oxford Cowley
VOCO_K105,0328E8937A,Click & Collect,ST_UKTK_314(30/03/03)_Enfield
VOCO_K103,0328E87055,Fragrance 1,ST_UKTK_314(30/03/03)_Enfield
VOCO_K101,0328E9CBE6,Handbags 1,ST_UKTK_314(30/03/03)_Enfield
VOCO_K104,0328E9CE77,Handbags 2,ST_UKTK_314(30/03/03)_Enfield
VOCO_K102,0328E870A6,Jewellery,ST_UKTK_314(30/03/03)_Enfield
VOCO_K101,0328E4064C,Click and Collect,ST_UKTK_315(20/1)_Boston
VOCO_K102,0328E9CF20,Fragrance,ST_UKTK_315(20/1)_Boston
VOCO_K101,0328E9CF16,Fragrance,ST_UKTK_318(20/01/03)_Eastleigh
VOCO_K102,0328E405C5,Jewellery 1,ST_UKTK_318(20/01/03)_Eastleigh
VOCO_K103,0328E9CF5C,Fragrance,ST_UKTK_321(20/1)_Grantham
VOCO_K102,0328E7B9FB,Jewellery 1,ST_UKTK_321(20/1)_Grantham
VOCO_K101,0328D3434A,Sales Floor 1,ST_UKTK_321(20/1)_Grantham
VOCO_K101,0328E8700D,Fragrance ,ST_UKTK_322(30/2)_Hounslow
VOCO_K103,0328E7B9B7,Fragrance 2,ST_UKTK_322(30/2)_Hounslow
VOCO_K102,0328E84073,Fragrance 2,ST_UKTK_322(30/2)_Hounslow
VOCO_K104,0328E88C36,Jewellery,ST_UKTK_322(30/2)_Hounslow
VOCO_K105,0328EA1198,Sales Floor 1,ST_UKTK_322(30/2)_Hounslow
VOCO_K106,0328EA1173,Sales Floor 2,ST_UKTK_322(30/2)_Hounslow
VOCO_K103,0328E4070E,Click and Collect,ST_UKTK_323(20/1)_Ayr
VOCO_K103,0328E9CF88,Fragrance 1,ST_UKTK_326(20/2)_Brislington
VOCO_K102,0328E88C61,click and collect,ST_UKTK_326(20/2)_Brislington
VOCO_K101,0328E89321,click and collect,ST_UKTK_326(20/2)_Brislington
VOCO_K101,0328E7B7EA,Click and Collect,ST_UKTK_328/620(35/07/03)_Llanelli
VOCO_K103,0328E7B928,Fragrance,ST_UKTK_328/620(35/07/03)_Llanelli
VOCO_K102,0328E7B8D0,Knife Cabinet,ST_UKTK_328/620(35/07/03)_Llanelli
VOCO_K102,0328E7BAFD,Fragrance,ST_UKTK_329(25/2)_Portsmouth
VOCO_K103,0328E9CEB2,Fragrance,ST_UKTK_331(20/1)_Cwmbran
VOCO_K102,0328E7BA14,click and collect,ST_UKTK_331(20/1)_Cwmbran
VOCO_K103,02EB63CB02,Click and Collect,ST_UKTK_332(20/02/03)_Speke
VOCO_K101,0328E9CEBB,Fragrance 1,ST_UKTK_332(20/02/03)_Speke
VOCO_K103,02EB63CB45,Click and Collect,ST_UKTK_335(35/02/04)_Silverburn
VOCO_K101,02EB63D2A9,Click and Collect,ST_UKTK_335(35/02/04)_Silverburn
VOCO_K102,0328E8403E,,ST_UKTK_335(35/02/04)_Silverburn
VOCO_K101,0328E9CEC0,Fragrance,ST_UKTK_336(23/4/4)_Tunbridge Wells
VOCO_K102,0328E9CD4C,Click and Collect,ST_UKTK_337(20/1)_Chatham
VOCO_K101,0328E9CF89,Fragrance,ST_UKTK_337(20/1)_Chatham
VOCO_K103,0328E7B9EB,Click and Collect,ST_UKTK_339(67/04/05)_Kensington
VOCO_K109,0328E84054,Fragrance 1,ST_UKTK_339(67/04/05)_Kensington
VOCO_K114,0328E7B895,Fragrance 2,ST_UKTK_339(67/04/05)_Kensington
VOCO_K120,02EB63D151,Gold Label Handbag,ST_UKTK_339(67/04/05)_Kensington
VOCO_K115,0328E840F8,Gold Label Handbags 1,ST_UKTK_339(67/04/05)_Kensington
VOCO_K116,0328E843EA,Gold Label Handbags 2,ST_UKTK_339(67/04/05)_Kensington
VOCO_K104,02EB63D10C,Handbags 1,ST_UKTK_339(67/04/05)_Kensington
VOCO_K107,0328E843CE,Handbags 4,ST_UKTK_339(67/04/05)_Kensington
VOCO_K118,0328E84084,Jewellery 1,ST_UKTK_339(67/04/05)_Kensington
VOCO_K104,02EB63D10C,Jewellery 2,ST_UKTK_339(67/04/05)_Kensington
VOCO_K106,0328E7B84C,Jewellery 2,ST_UKTK_339(67/04/05)_Kensington
VOCO_K122,0328E3285A,Male Fragrance,ST_UKTK_339(67/04/05)_Kensington
VOCO_K108,0328EA1117,Mens Gold Label,ST_UKTK_339(67/04/05)_Kensington
VOCO_K112,0328EA119C,Mens Jackets,ST_UKTK_339(67/04/05)_Kensington
VOCO_K101,0328EA119C,Mens outerwear,ST_UKTK_339(67/04/05)_Kensington
VOCO_K111,0328E84257,Sales Floor 4,ST_UKTK_339(67/04/05)_Kensington
VOCO_K119,0328E8713F,Sales floor 2,ST_UKTK_339(67/04/05)_Kensington
VOCO_K105,0328E8432D,Sales floor 3,ST_UKTK_339(67/04/05)_Kensington
VOCO_K110,0328EA116E,Womens Jackets,ST_UKTK_339(67/04/05)_Kensington
VOCO_K110,0328EA116E,Womens outerwear,ST_UKTK_339(67/04/05)_Kensington
VOCO_K102,0328E9CBFB,Handbags,ST_UKTK_342(25/1)_Worcester
VOCO_K101,0328EA10F2,Handbags 2,ST_UKTK_342(25/1)_Worcester
VOCO_K103,0328E7B85B,Click and Collect,ST_UKTK_343(30/02/02)_Tooting
VOCO_K105,0328E9CBFF,Click and Collect 2,ST_UKTK_343(30/02/02)_Tooting
VOCO_K104,0328E8404D,Fragrance,ST_UKTK_343(30/02/02)_Tooting
VOCO_K102,0328D2FB66,Handbags 1,ST_UKTK_343(30/02/02)_Tooting
VOCO_K106,0328E9CBED,Handbags 2,ST_UKTK_343(30/02/02)_Tooting
VOCO_K101,0328E7B8BB,Sales Floor 1,ST_UKTK_343(30/02/02)_Tooting
VOCO_K104,0328EA7530,Click & Collect,ST_UKTK_345(25/3)_Preston
VOCO_K102,0328E8711A,Click and Collect,ST_UKTK_345(25/3)_Preston
VOCO_K101,0328E9CEB8,Fragrance,ST_UKTK_345(25/3)_Preston
VOCO_K103,0328EA7452,Fragrance,ST_UKTK_345(25/3)_Preston
VOCO_K105,0328EA6515,Fragrance 2,ST_UKTK_345(25/3)_Preston
VOCO_K102,0328EA118A,Click and Collect,ST_UKTK_347(25/02/05)_Lancaster
VOCO_K103,0328E9CF80,Fragrance 1,ST_UKTK_347(25/02/05)_Lancaster
VOCO_K102,0328E8707A,Jewalry,ST_UKTK_349(20/02/02)_Taunton
VOCO_K103,0328E8706A,click and collect,ST_UKTK_349(20/02/02)_Taunton
VOCO_K101,0328E89513,Click and Collect,ST_UKTK_351(30/01/05)_Aberdeen Union Square
VOCO_K103,0328E7BB3E,Fragrance 1,ST_UKTK_351(30/01/05)_Aberdeen Union Square
VOCO_K102,0328E894D7,Jewellery,ST_UKTK_351(30/01/05)_Aberdeen Union Square
VOCO_K101,0328E9CD5A,Click & Collect,ST_UKTK_352(25/04/03)_Putney
VOCO_K104,0328E3292C,Click and Collect,ST_UKTK_352(25/04/03)_Putney
VOCO_K105,0328E86F9B,Fragrance,ST_UKTK_352(25/04/03)_Putney
VOCO_K102,0328E325A7,Jewellery 1,ST_UKTK_352(25/04/03)_Putney
VOCO_K102,0328E8732C,Click and Collect,ST_UKTK_354(20/1)_Weymouth
VOCO_K103,0328E9CC7D,Fragrance 1,ST_UKTK_354(20/1)_Weymouth
VOCO_K103,0328EA646B,Fragrance 1,ST_UKTK_354(20/1)_Weymouth
VOCO_K102,0328E8406C,Fragance,ST_UKTK_355(30/2/6)_Guildford
VOCO_K104,0328E88C31,Handbags,ST_UKTK_355(30/2/6)_Guildford
VOCO_K102,0328E7453D,Fragrance,ST_UKTK_356(23/03/02)_Cardiff Valegate
VOCO_K101,0328E408F6,Sales Floor 1,ST_UKTK_356(23/03/02)_Cardiff Valegate
VOCO_K103,0328E84293,Handbags 4,ST_UKTK_357(40/01/06)_Cambridge Market Street
VOCO_K109,0328E871D1,Click and Collect 1,ST_UKTK_359(89/06/08)_CharingCross
VOCO_K105,0328E88C2D,Fragrance 1,ST_UKTK_359(89/06/08)_CharingCross
VOCO_K101,0328E7B875,Fragrance 2,ST_UKTK_359(89/06/08)_CharingCross
VOCO_K111,0328E84098,Gold Label Handbags,ST_UKTK_359(89/06/08)_CharingCross
VOCO_K117,0328E7B84E,Gold Label Handbags 2,ST_UKTK_359(89/06/08)_CharingCross
VOCO_K103,0328E842C6,Handbag 2,ST_UKTK_359(89/06/08)_CharingCross
VOCO_K113,0328E7B9CC,Handbag 5,ST_UKTK_359(89/06/08)_CharingCross
VOCO_K102,0328E7B95F,Handbags 1,ST_UKTK_359(89/06/08)_CharingCross
VOCO_K115,0328E7B9D0,Handbags 7,ST_UKTK_359(89/06/08)_CharingCross
VOCO_K107,0328EA114F,Mens Gold Label,ST_UKTK_359(89/06/08)_CharingCross
VOCO_K106,0328EA11BA,Mens Jackets,ST_UKTK_359(89/06/08)_CharingCross
VOCO_K104,0328E840C7,Womens Outerwear,ST_UKTK_359(89/06/08)_CharingCross
VOCO_K110,0328E843AD,Womens Outerwear,ST_UKTK_359(89/06/08)_CharingCross
VOCO_K114,0328E7B9CB,handbag 6,ST_UKTK_359(89/06/08)_CharingCross
VOCO_K116,0328E7B848,handbag 8,ST_UKTK_359(89/06/08)_CharingCross
VOCO_K103,0328E7BD99,Fragrance 1,ST_UKTK_360(20/2)_Bangor Menai
VOCO_K101,0328D342E2,Sales Floor 1,ST_UKTK_360(20/2)_Bangor Menai
VOCO_K104,0328E84255,Click and Collect 1,ST_UKTK_361(20/1)_St Austell
VOCO_K103,0328E87319,Click and collect,ST_UKTK_361(20/1)_St Austell
VOCO_K102,0328E871C1,Fragrance,ST_UKTK_361(20/1)_St Austell
VOCO_K101,0328D33940,Sales Floor 1,ST_UKTK_361(20/1)_St Austell
VOCO_K102,0328E89202,Click and Collect 1,ST_UKTK_362(25/01/02)_Altrincham
VOCO_K103,0328E870ED,Fragrance,ST_UKTK_362(25/01/02)_Altrincham
VOCO_K101,0328E8930A,Click and Collect,ST_UKTK_363(29/04/04)_Wandsworth
VOCO_K105,0328E9CECE,Click and Collect 1,ST_UKTK_363(29/04/04)_Wandsworth
VOCO_K104,0328E892A1,Fragrance,ST_UKTK_363(29/04/04)_Wandsworth
VOCO_K102,0328E9CEF1,Fragrance 3,ST_UKTK_363(29/04/04)_Wandsworth
VOCO_K109,0328DABA64,Click and Collect,ST_UKTK_364(20/02/02)_Hastings
VOCO_K103,0328EA6514,Click and collect 3,ST_UKTK_364(20/02/02)_Hastings
VOCO_K102,0328EA752A,Fragrance,ST_UKTK_364(20/02/02)_Hastings
VOCO_K107,0328E87328,Click and Collect,ST_UKTK_366(51/03/06)_Glasgow Argyle Street
VOCO_K108,0328E8732A,Click and Collect 2,ST_UKTK_366(51/03/06)_Glasgow Argyle Street
VOCO_K104,0328E745D3,Fragrance,ST_UKTK_366(51/03/06)_Glasgow Argyle Street
VOCO_K109,0328E87314,Fragrance,ST_UKTK_366(51/03/06)_Glasgow Argyle Street
VOCO_K101,0328E87316,Gold Label Handbags 1,ST_UKTK_366(51/03/06)_Glasgow Argyle Street
VOCO_K102,0328E88C2B,Mens Gold label,ST_UKTK_366(51/03/06)_Glasgow Argyle Street
VOCO_K107,0328E7BE00,Fragrance,ST_UKTK_368(23/03/03)_Luton
VOCO_K103,0328E9CDD7,Fragrance,ST_UKTK_368(23/03/03)_Luton
VOCO_K109,0328E40816,Handbags,ST_UKTK_368(23/03/03)_Luton
VOCO_K101,0328E840F1,Handbags 1,ST_UKTK_368(23/03/03)_Luton
VOCO_K102,0328E841AC,Handbags 2,ST_UKTK_368(23/03/03)_Luton
VOCO_K105,0328E84166,Handbags 4,ST_UKTK_368(23/03/03)_Luton
VOCO_K104,0328E842CE,Handbags 5,ST_UKTK_368(23/03/03)_Luton
VOCO_K106,0328E842B7,Handbags 6,ST_UKTK_368(23/03/03)_Luton
VOCO_K107,0328EA118E,Click & Collect 2,ST_UKTK_370(35/04/04)_Gracechurch Street- 1
VOCO_K104,0328EA138A,Click and Collect 1,ST_UKTK_370(35/04/04)_Gracechurch Street- 1
VOCO_K112,0328EA1179,Click and Collect 3,ST_UKTK_370(35/04/04)_Gracechurch Street- 1
VOCO_K110,0328EA136E,Fragrance 1,ST_UKTK_370(35/04/04)_Gracechurch Street- 1
VOCO_K101,0328D2FA27,Handbags 1,ST_UKTK_370(35/04/04)_Gracechurch Street- 1
VOCO_K102,0328E84042,Handbags 2,ST_UKTK_370(35/04/04)_Gracechurch Street- 1
VOCO_K103,02EB63CB1F,Jewellery 1,ST_UKTK_370(35/04/04)_Gracechurch Street- 1
VOCO_K105,0328E32809,Men gold label,ST_UKTK_370(35/04/04)_Gracechurch Street- 1
VOCO_K111,0328E840E9,Mens Outerwear,ST_UKTK_370(35/04/04)_Gracechurch Street- 1
VOCO_K109,0328EA116B,Womens Gold Label,ST_UKTK_370(35/04/04)_Gracechurch Street- 1
VOCO_K108,0328EA10FA,Womens Outerwear 1 ,ST_UKTK_370(35/04/04)_Gracechurch Street- 1
VOCO_K113,0328E9CDE5,Womens Outerwear 2,ST_UKTK_370(35/04/04)_Gracechurch Street- 1
VOCO_K104,0328E9CE5E,Fragrance,ST_UKTK_375(23/02/04)_Crewe
VOCO_K103,0328E87149,Jewellery,ST_UKTK_375(23/02/04)_Crewe
VOCO_K103,0328E9CD64,Fragrance,ST_UKTK_378(20/1)_Folkestone
VOCO_K101,0328E743CA,Click and Collect,ST_UKTK_379(23/3)_New Cross
VOCO_K103,0328E9CF72,Fragrance 1,ST_UKTK_379(23/3)_New Cross
VOCO_K102,0328D33A35,Jewellery,ST_UKTK_379(23/3)_New Cross
VOCO_K103,0328D3438F,Fragrance,ST_UKTK_380(20/2)_Newport Isle Of Wight
VOCO_K102,0328E7BB3F,Fragrance,ST_UKTK_380(20/2)_Newport Isle Of Wight
VOCO_K101,0328D2FA9A,Fragrance 3,ST_UKTK_380(20/2)_Newport Isle Of Wight
VOCO_K104,0328E870D8,fragrance 2,ST_UKTK_380(20/2)_Newport Isle Of Wight
VOCO_K101,0328E74518,Click and Collect,ST_UKTK_381(41/02/06)_Brighton North Street
VOCO_K105,0328E842F6,Fragrance,ST_UKTK_381(41/02/06)_Brighton North Street
VOCO_K107,0328E87315,Gold Label Handbags ,ST_UKTK_381(41/02/06)_Brighton North Street
VOCO_K111,0328E88C8C,Handbag 8,ST_UKTK_381(41/02/06)_Brighton North Street
VOCO_K106,0328E842BD,Handbags 3,ST_UKTK_381(41/02/06)_Brighton North Street
VOCO_K109,0328E842A0,Handbags 6,ST_UKTK_381(41/02/06)_Brighton North Street
VOCO_K110,0328E88C7F,Handbags 7,ST_UKTK_381(41/02/06)_Brighton North Street
VOCO_K102,0328E8939E,Mens gold label,ST_UKTK_381(41/02/06)_Brighton North Street
VOCO_K101,0328E7B770,Click & Collect 2,ST_UKTK_382(35/04/06)_Brixton
VOCO_K103,0328E7B843,Click and Collect,ST_UKTK_382(35/04/06)_Brixton
VOCO_K102,0328E843DD,Fragrance,ST_UKTK_382(35/04/06)_Brixton
VOCO_K107,0328E841A8,Handbags 1,ST_UKTK_382(35/04/06)_Brixton
VOCO_K108,0328E843C6,Handbags 2,ST_UKTK_382(35/04/06)_Brixton
VOCO_K109,0328E840AE,Handbags 3,ST_UKTK_382(35/04/06)_Brixton
VOCO_K104,0328E88CD1,Handbags 4,ST_UKTK_382(35/04/06)_Brixton
VOCO_K105,0328E7B72B,Handbags 6,ST_UKTK_382(35/04/06)_Brixton
VOCO_K110,0328EA1090,Sales Floor 1,ST_UKTK_382(35/04/06)_Brixton
VOCO_K106,0328E842C0,Sales Floor 2,ST_UKTK_382(35/04/06)_Brixton
VOCO_K111,0328EA1124,Sales Floor 3,ST_UKTK_382(35/04/06)_Brixton
VOCO_K101,0328E87152,Click and Collect 1,ST_UKTK_384(25/3)_Woolwich
VOCO_K103,0328E87047,Click and Collect 3,ST_UKTK_384(25/3)_Woolwich
VOCO_K105,0328E9CD1D,Click and Collect 4,ST_UKTK_384(25/3)_Woolwich
VOCO_K104,0328E7BB1B,Click and collect 2,ST_UKTK_384(25/3)_Woolwich
VOCO_K102,0328E871E5,Fragrance 1,ST_UKTK_384(25/3)_Woolwich
VOCO_K107,0328EA1118,Fragrance 2,ST_UKTK_384(25/3)_Woolwich
VOCO_K106,0328EA74E3,Fragrance 3,ST_UKTK_384(25/3)_Woolwich
VOCO_K103,0328E8700C,Click and Collect 2,ST_UKTK_385(24/3)_London Colney
VOCO_K102,0328E7B830,Fragrance 2,ST_UKTK_385(24/3)_London Colney
VOCO_K101,0328E87028,Handbags,ST_UKTK_385(24/3)_London Colney
VOCO_K103,0328D33964,Click and Collect,ST_UKTK_386(25/2/4)_Guiseley
VOCO_K104,0328E86B66,Fragrance,ST_UKTK_386(25/2/4)_Guiseley
VOCO_K105,0328E870F2,Fragrance,ST_UKTK_386(25/2/4)_Guiseley
VOCO_K102,0328D3395A,Jewellery 1,ST_UKTK_386(25/2/4)_Guiseley
VOCO_K101,0328D3396D,Sales Floor 1,ST_UKTK_386(25/2/4)_Guiseley
VOCO_K105,0328E7B7C4,Click and Collect,ST_UKTK_387(20/02/02)_Waltham Abbey
VOCO_K102,0328E7BB56,Fragrance,ST_UKTK_387(20/02/02)_Waltham Abbey
VOCO_K104,0328E405CC,Till,ST_UKTK_387(20/02/02)_Waltham Abbey
VOCO_K102,0328E9CD4E,Changing Room,ST_UKTK_390(20/1)_Bury St Edmunds
VOCO_K103,0328E9CEB6,Fragrance 1,ST_UKTK_390(20/1)_Bury St Edmunds
VOCO_K101,0328E7B9A8,Sales Floor 1,ST_UKTK_390(20/1)_Bury St Edmunds
VOCO_K103,0328D842F3,Click and Collect,ST_UKTK_391(23/03/02)_Balham
VOCO_K102,0328E87070,Fragrance 1,ST_UKTK_391(23/03/02)_Balham
VOCO_K101,0328E7B9FE,Jewellery ,ST_UKTK_391(23/03/02)_Balham
VOCO_K104,0328EA136F,Click & Collect,ST_UKTK_392(25/3)_Twickenham
VOCO_K103,0328E86B78,Fragrance 1,ST_UKTK_392(25/3)_Twickenham
VOCO_K103,0328EA7567,Click and collect,ST_UKTK_393(20/2)_Stirling
VOCO_K102,0328E9CCA5,Fragrance 1,ST_UKTK_393(20/2)_Stirling
VOCO_K101,0328DF03BB,Jewellery,ST_UKTK_394(20/2)_Chesterfield
VOCO_K102,0328E9CC32,Jewellery,ST_UKTK_394(20/2)_Chesterfield
VOCO_K108,0328DF03D4,Sales Floor 4,ST_UKTK_394(20/2)_Chesterfield
VOCO_K103,0328DAC098,Click and Collect,ST_UKTK_395(25/03/04)_Stratford Upon Avon
VOCO_K101,0328DAC09B,Fragrance 1,ST_UKTK_395(25/03/04)_Stratford Upon Avon
VOCO_K104,0328E7BB0C,Fragrance 2,ST_UKTK_395(25/03/04)_Stratford Upon Avon
VOCO_K102,0328E8943A,Jewellery,ST_UKTK_395(25/03/04)_Stratford Upon Avon
VOCO_K103,0328E7B924,Click and Collect,ST_UKTK_398(23/02/04)_Reading Gate
VOCO_K101,0328E7BAA8,Fragrance,ST_UKTK_398(23/02/04)_Reading Gate
VOCO_K107,0328E9CF11,Fragrance 2,ST_UKTK_398(23/02/04)_Reading Gate
VOCO_K105,0328E9CED0,Handbags 1,ST_UKTK_398(23/02/04)_Reading Gate
VOCO_K106,0328E9CCBA,Handbags 2,ST_UKTK_398(23/02/04)_Reading Gate
VOCO_K102,02EB63D280,Jewellery 1,ST_UKTK_398(23/02/04)_Reading Gate
VOCO_K104,0328D2FA18,Jewellery 2,ST_UKTK_398(23/02/04)_Reading Gate
VOCO_K101,0328E872AD,Click and Collect,ST_UKTK_399(24/5/4)_Bath
VOCO_K103,0328E88BD1,Click and Collect 2,ST_UKTK_399(24/5/4)_Bath
VOCO_K106,0328E7BDC0,Fragrance,ST_UKTK_399(24/5/4)_Bath
VOCO_K105,0328E872AA,Fragrance,ST_UKTK_399(24/5/4)_Bath
VOCO_K102,02EB63CF32,Jewellery 1,ST_UKTK_399(24/5/4)_Bath
VOCO_K104,0328E87018,Jewellery 2,ST_UKTK_399(24/5/4)_Bath
VOCO_K102,0328E9CD6D,Fragrance,ST_UKTK_400(20/1)_Camberley
VOCO_K101,0328D2FAF9,Sales Floor 1,ST_UKTK_400(20/1)_Camberley
VOCO_K109,0328E8942A,Click and Collect,ST_UKTK_401(23/03/04)_Hayes
VOCO_K108,0328E893C8,Handbags 2,ST_UKTK_401(23/03/04)_Hayes
VOCO_K102,02EB63CE66,Jewellery 1,ST_UKTK_401(23/03/04)_Hayes
VOCO_K103,0328E9CCB4,,ST_UKTK_401(23/03/04)_Hayes
VOCO_K101,03603563F6,Click & Collect,ST_UKTK_402(30/02/04)_Harringay
VOCO_K104,0328E9CDC2,Click and Collect 1,ST_UKTK_402(30/02/04)_Harringay
VOCO_K107,0328E8712A,Fragrance,ST_UKTK_402(30/02/04)_Harringay
VOCO_K102,0328EA1166,Mens Outerwear,ST_UKTK_402(30/02/04)_Harringay
VOCO_K103,0328EA1153,Womens gold label,ST_UKTK_402(30/02/04)_Harringay
VOCO_K106,0328E9CD05,click&collect,ST_UKTK_402(30/02/04)_Harringay
VOCO_K105,0328EA119A,,ST_UKTK_402(30/02/04)_Harringay
VOCO_K103,0328E40640,Click and Collect,ST_UKTK_404(20/2)_Edinburgh Hermiston
VOCO_K101,0328E7BB31,Fragrance,ST_UKTK_404(20/2)_Edinburgh Hermiston
VOCO_K101,0328E9CCA4,Fragrance 1,ST_UKTK_405(20/1)_Keighley
VOCO_K101,0328EA73D4,click & collect,ST_UKTK_406(25/02/03)_Orpington
VOCO_K103,0328EA73A9,fragrance,ST_UKTK_406(25/02/03)_Orpington
VOCO_K102,0328EA7509,jewellery,ST_UKTK_406(25/02/03)_Orpington
VOCO_K101,0328E7B7E6,Fragrance 1,ST_UKTK_408(47_02_05)_Covent Garden
VOCO_K109,0328E8407E,Fragrance 2,ST_UKTK_408(47_02_05)_Covent Garden
VOCO_K113,0328E84082,Fragrance 3,ST_UKTK_408(47_02_05)_Covent Garden
VOCO_K104,0328E7B836,Gold Label Handbags,ST_UKTK_408(47_02_05)_Covent Garden
VOCO_K105,0328E842C1,Handbags 1,ST_UKTK_408(47_02_05)_Covent Garden
VOCO_K106,0328E840CF,Handbags 2,ST_UKTK_408(47_02_05)_Covent Garden
VOCO_K107,0328E840FA,Handbags 3,ST_UKTK_408(47_02_05)_Covent Garden
VOCO_K108,0328E840F9,Handbags 4,ST_UKTK_408(47_02_05)_Covent Garden
VOCO_K110,0328E840EA,Handbags 5,ST_UKTK_408(47_02_05)_Covent Garden
VOCO_K112,0328E84162,Handbags 7,ST_UKTK_408(47_02_05)_Covent Garden
VOCO_K103,0328EA1184,Mens gold label,ST_UKTK_408(47_02_05)_Covent Garden
VOCO_K101,0328E32818,Click and Collect 1,ST_UKTK_409(23/03/04)_Hove
VOCO_K102,0328E32502,Fragrance 1,ST_UKTK_409(23/03/04)_Hove
VOCO_K105,0328E89374,Frangrance,ST_UKTK_410(25/2)_Giltbrook
VOCO_K104,0328E89339,click and collect,ST_UKTK_410(25/2)_Giltbrook
VOCO_K103,0328DABBFB,Click and Collect,ST_UKTK_411(23/03/04)_Eastbourne
VOCO_K101,0328DABC19,Sales Floor 1,ST_UKTK_411(23/03/04)_Eastbourne
VOCO_K103,0328EA1200,Click & Collect,ST_UKTK_413(20/01/04)_Leigh
VOCO_K111,0328E86FFC,Click and Collect 1,ST_UKTK_414(66/03/04)_Stratford Westfield
VOCO_K106,0328E7B8F7,Click and Collect 2,ST_UKTK_414(66/03/04)_Stratford Westfield
VOCO_K112,0328E87126,Fragrance,ST_UKTK_414(66/03/04)_Stratford Westfield
VOCO_K107,0328E87078,Fragrance 2,ST_UKTK_414(66/03/04)_Stratford Westfield
VOCO_K117,0328E9CECD,Fragrance 3,ST_UKTK_414(66/03/04)_Stratford Westfield
VOCO_K104,0328E87040,Gold Label Handbags 1,ST_UKTK_414(66/03/04)_Stratford Westfield
VOCO_K110,0328E7B841,Gold Label Handbags 2,ST_UKTK_414(66/03/04)_Stratford Westfield
VOCO_K116,0328EA1413,Gold Label Handbags 3,ST_UKTK_414(66/03/04)_Stratford Westfield
VOCO_K113,0328E87086,Handbags 1,ST_UKTK_414(66/03/04)_Stratford Westfield
VOCO_K102,0328E8418F,Handbags 2,ST_UKTK_414(66/03/04)_Stratford Westfield
VOCO_K103,0328E843B5,Handbags 3,ST_UKTK_414(66/03/04)_Stratford Westfield
VOCO_K101,0328E87095,Handbags 4,ST_UKTK_414(66/03/04)_Stratford Westfield
VOCO_K108,0328E8408A,Handbags 5,ST_UKTK_414(66/03/04)_Stratford Westfield
VOCO_K109,0328E843E7,Handbags 6,ST_UKTK_414(66/03/04)_Stratford Westfield
VOCO_K115,0328EA11B0,Mens Outerwear,ST_UKTK_414(66/03/04)_Stratford Westfield
VOCO_K105,0328E86FF6,Mens gold label,ST_UKTK_414(66/03/04)_Stratford Westfield
VOCO_K114,0328EA11C3,Womens Outerwear,ST_UKTK_414(66/03/04)_Stratford Westfield
VOCO_K103,0328E74522,Click and Collect,ST_UKTK_415(20/02/04)_Bishop Auckland
VOCO_K104,0328E9CCFE,Fragrance 1,ST_UKTK_415(20/02/04)_Bishop Auckland
VOCO_K103,0328E87268,Click and Collect,ST_UKTK_416(20/2)_Hull Kingswood
VOCO_K104,0328E86BCF,Fragrance,ST_UKTK_416(20/2)_Hull Kingswood
VOCO_K101,0328E86F8F,Sales Floor 1,ST_UKTK_416(20/2)_Hull Kingswood
VOCO_K103,0328E9CCA1,Fragrance 1,ST_UKTK_417(20/2)_Chester Grosvenor Square
VOCO_K105,0328E86BB2,Click and Collect,ST_UKTK_418(28/03/04)_Basildon
VOCO_K104,0328E86B94,Fragrance,ST_UKTK_418(28/03/04)_Basildon
VOCO_K101,0328E9CF12,Handbags,ST_UKTK_418(28/03/04)_Basildon
VOCO_K103,02EB63D1C6,Click and Collect,ST_UKTK_419(23/03/04)_Taplow
VOCO_K104,0328E86FB1,Fragrance 1,ST_UKTK_419(23/03/04)_Taplow
VOCO_K105,0328E871DD,Handbags,ST_UKTK_419(23/03/04)_Taplow
VOCO_K106,0328E9CCB3,Handbags,ST_UKTK_419(23/03/04)_Taplow
VOCO_K102,02EB63D122,Jewellery 1,ST_UKTK_419(23/03/04)_Taplow
VOCO_K101,02EB63D526,Sales Floor 1,ST_UKTK_419(23/03/04)_Taplow
VOCO_K109,0328DEFE88,Home Dept,ST_UKTK_421(20/1)_Haverfordwest
VOCO_K101,0328E408A2,Click and Collect,ST_UKTK_422(15/1)_Barrow-In-Furness
VOCO_K103,0328EA12DE,Click and Collect,ST_UKTK_423(20/1)_Trowbridge
VOCO_K102,0328E8945A,Fragrance,ST_UKTK_423(20/1)_Trowbridge
VOCO_K102,0328E405F2,Click & Collect,ST_UKTK_424(25/02/03)_Peterborough Brotherhood
VOCO_K103,0328E8405A,Fragrance,ST_UKTK_424(25/02/03)_Peterborough Brotherhood
VOCO_K103,0328E892C3,Click and Collect,ST_UKTK_427(25/02/04)_Walthamstow
VOCO_K101,0328EA744F,Fragrance,ST_UKTK_427(25/02/04)_Walthamstow
VOCO_K105,0328E892B5,Jewellery ,ST_UKTK_427(25/02/04)_Walthamstow
VOCO_K102,0328EA7519,click and collect 2,ST_UKTK_427(25/02/04)_Walthamstow
VOCO_K101,0328E9CEBE,Fragrance,ST_UKTK_428(20/01/03)_Hinckley
VOCO_K102,0328E89425,Click and Collect,ST_UKTK_429(25/01/03)_Chichester
VOCO_K101,0328E89437,Fragrance,ST_UKTK_429(25/01/03)_Chichester
VOCO_K103,0328E89439,Sales Floor 1,ST_UKTK_429(25/01/03)_Chichester
VOCO_K102,0328E328EB,Click and Collect,ST_UKTK_430(20/02/03)_Hartlepool
VOCO_K101,0328E9CD7A,Fragrance,ST_UKTK_430(20/02/03)_Hartlepool
VOCO_K101,0328E40641,Click and Click,ST_UKTK_431(20/01/03)_Rawtenstall
VOCO_K102,0328E405EF,Click and Collect 2,ST_UKTK_431(20/01/03)_Rawtenstall
VOCO_K103,0328E7BCE6,Fragrance,ST_UKTK_431(20/01/03)_Rawtenstall
VOCO_K102,0328E405EF,Fragrance 2,ST_UKTK_431(20/01/03)_Rawtenstall
VOCO_K102,0328E405EF,,ST_UKTK_431(20/01/03)_Rawtenstall
VOCO_K102,0328E9CD84,Fragrance ,ST_UKTK_432(25/03/04)_Blackpool Squires Gate
VOCO_K101,0328E870DC,Click and Collect,ST_UKTK_437(23/03/02)_South Ruislip
VOCO_K105,0328EA11FA,Fragrance,ST_UKTK_437(23/03/02)_South Ruislip
VOCO_K103,0328EA136D,Jewellery,ST_UKTK_437(23/03/02)_South Ruislip
VOCO_K103,0328EA76C6,Click and Collect 1,ST_UKTK_439(20/2/3)_Chippenham
VOCO_K101,0328E7BD20,Fragrance,ST_UKTK_440(20/1)_Nottingham Victoria
VOCO_K102,0328E9CBDF,Fragrance,ST_UKTK_441(20/1)_Barnstaple
VOCO_K101,0328E32574,Sales Floor 1,ST_UKTK_441(20/1)_Barnstaple
VOCO_K101,0328E9CD85,Fragrance,ST_UKTK_442(20/01/03)_Cramlington
VOCO_K102,0328E7B9EC,Jewellery 1,ST_UKTK_442(20/01/03)_Cramlington
VOCO_K101,0328E9CE23,Click and Collect,ST_UKTK_443(20/01/03)_Llandudno
VOCO_K103,0328E9CDAB,Fragrance,ST_UKTK_443(20/01/03)_Llandudno
VOCO_K106,0328E9CF38,Click and Collect,ST_UKTK_444(29/02/02)_Tottenham Hale
VOCO_K109,0328EA1108,Click and Collect 2,ST_UKTK_444(29/02/02)_Tottenham Hale
VOCO_K103,0328E87008,Fragrance,ST_UKTK_444(29/02/02)_Tottenham Hale
VOCO_K104,0328E9CBE8,Handbags 1,ST_UKTK_444(29/02/02)_Tottenham Hale
VOCO_K101,0328E9CE35,Mens Outerwear,ST_UKTK_444(29/02/02)_Tottenham Hale
VOCO_K102,0328E9CDB7,Womens Outerwear,ST_UKTK_444(29/02/02)_Tottenham Hale
VOCO_K109,0328EA1108,jewellery,ST_UKTK_444(29/02/02)_Tottenham Hale
VOCO_K103,0328E9CD00,Fragrance,ST_UKTK_446(20/3)_Biggleswade
VOCO_K101,0328D2FABD,Sales Floor 1,ST_UKTK_446(20/3)_Biggleswade
VOCO_K102,0328D339B7,Click and Collect 1,ST_UKTK_448(20/01/03)_Cannock
VOCO_K103,0328E89376,Click and Collect 2,ST_UKTK_448(20/01/03)_Cannock
VOCO_K101,0328E7BE16,Fragrance,ST_UKTK_448(20/01/03)_Cannock
VOCO_K103,0328E9CED7,Click and Collect,ST_UKTK_449(15/2)_Hamilton (new)
VOCO_K104,0328E9CE71,Fragrance,ST_UKTK_449(15/2)_Hamilton (new)
VOCO_K101,0328E9CD39,Sales,ST_UKTK_449(15/2)_Hamilton (new)
VOCO_K101,0328E405BD,Sales Floor 1,ST_UKTK_665(20/02/04)_Christchurch
VOCO_K102,0328E9CE62,Sales floor 2,ST_UKTK_665(20/02/04)_Christchurch
VOCO_K103,0328E7BA16,Click and Collect,ST_UKTK_666(45/02/06)_Edinburgh St Andrews Square
VOCO_K106,0328E88CB9,Fragrance,ST_UKTK_666(45/02/06)_Edinburgh St Andrews Square
VOCO_K107,0328E88BFA,Fragrance 2,ST_UKTK_666(45/02/06)_Edinburgh St Andrews Square
VOCO_K105,0328E88CBA,Gold Label Handbag 1,ST_UKTK_666(45/02/06)_Edinburgh St Andrews Square
VOCO_K108,0328E88CD3,Gold Label Handbag 2,ST_UKTK_666(45/02/06)_Edinburgh St Andrews Square
VOCO_K104,0328E7B8F3,Jewellery 2,ST_UKTK_666(45/02/06)_Edinburgh St Andrews Square
VOCO_K101,0328E870E9,Mens Gold Label,ST_UKTK_666(45/02/06)_Edinburgh St Andrews Square
VOCO_K101,0328E3261D,Click and Collect,ST_UKTK_667(25/02/04)_High Wycombe
VOCO_K102,0328E892E4,Fragrance,ST_UKTK_667(25/02/04)_High Wycombe
VOCO_K104,0328E9CF6A,Handbags 2,ST_UKTK_667(25/02/04)_High Wycombe
VOCO_K102,0328DF03EA,Click and Collect,ST_UKTK_668(20/01/03)_Portsmouth Ocean Retail Park
VOCO_K103,0328E7BD27,Sales Floor 1,ST_UKTK_668(20/01/03)_Portsmouth Ocean Retail Park
VOCO_K104,0328EA7396,fragrance,ST_UKTK_668(20/01/03)_Portsmouth Ocean Retail Park
VOCO_K102,0328E9CD60,Fragrance,ST_UKTK_669(20/1/4)_Dunstable
VOCO_K101,0328E87015,Click and Collect,ST_UKTK_670(20/2)_Hempstead Valley
VOCO_K103,0328E9CD7F,Fragrance,ST_UKTK_670(20/2)_Hempstead Valley
VOCO_K102,0328D2FB79,Jewellery 1,ST_UKTK_670(20/2)_Hempstead Valley
VOCO_K102,0328E9CD86,Fragrance,ST_UKTK_671(25/01/04)_Port Glasgow
VOCO_K101,0328D83EA2,Sales Floor 1,ST_UKTK_671(25/01/04)_Port Glasgow
VOCO_K102,0328E9CD86,,ST_UKTK_671(25/01/04)_Port Glasgow
VOCO_K101,0328E9CD2F,Fragrance,ST_UKTK_672(20/01/04)_Yate
VOCO_K102,0328E7B71D,Jewellery 1,ST_UKTK_672(20/01/04)_Yate
VOCO_K101,0328D33A66,Click and collect,ST_UKTK_673(20/02/04)_Huddersfield Great Northern
VOCO_K102,0328D33B2B,Fragrance,ST_UKTK_673(20/02/04)_Huddersfield Great Northern
VOCO_K103,0328EA7581,Fragrance,ST_UKTK_673(20/02/04)_Huddersfield Great Northern
VOCO_K105,0328E9CEB3,Fragrance 1,ST_UKTK_674(20/02/03)_Prescot
VOCO_K101,0328E87128,Sales Floor,ST_UKTK_674(20/02/03)_Prescot
VOCO_K103,0328E88BEB,click and collect,ST_UKTK_674(20/02/03)_Prescot
VOCO_K101,0328E74406,Click and collect,ST_UKTK_675(20/01/03)_Colne -1
VOCO_K102,0328E9CEB5,Fragrance,ST_UKTK_675(20/01/03)_Colne -1
VOCO_K102,0328E9CCC0,Fragrance,ST_UKTK_676(20/02/03)_Newtownards
VOCO_K103,0328E7B8A5,Click and Collect,ST_UKTK_677(25/01/04)_Birstall
VOCO_K104,0328E9CCF8,Fragrance 1,ST_UKTK_677(25/01/04)_Birstall
VOCO_K105,0328EA135F,Fragrance 2,ST_UKTK_677(25/01/04)_Birstall
VOCO_K101,0328E9CF6C,Handbags 1,ST_UKTK_677(25/01/04)_Birstall
VOCO_K102,0328E9CC6D,Handbags 2,ST_UKTK_677(25/01/04)_Birstall
VOCO_K103,0328D33905,Click and Collect,ST_UKTK_678(20/01/02)_Stoke Longton
VOCO_K101,0328E86CBA,Fragrance 1,ST_UKTK_678(20/01/02)_Stoke Longton
VOCO_K101,0328E834E4,Fragrance,ST_UKTK_745(20/01/02)_Gloucester
VOCO_K102,0328E9CEC2,Fragrance,ST_UKTK_747(15/1)_Lowestoft
VOCO_K102,0328E9CE79,Fragrance 1,ST_UKTK_748(15/1)_Galashiels
VOCO_K101,0328E325B3,Sales Floor 1,ST_UKTK_748(15/1)_Galashiels
VOCO_K101,0328E3295A,Click and Collect,ST_UKTK_749(20/01/02)_Cardiff City Link
VOCO_K102,0328E9CD3A,fragrance,ST_UKTK_749(20/01/02)_Cardiff City Link
VOCO_K101,0328D33AD5,Click and collect,ST_UKTK_750(20/01/02)_Dagenham
VOCO_K102,0328E7BD94,Fragrance,ST_UKTK_750(20/01/02)_Dagenham
VOCO_K103,0328E407AB,Click and Collect,ST_UKTK_751(25/01/02)_Crawley County Oak
VOCO_K101,0328E86CAF,Fragrance,ST_UKTK_751(25/01/02)_Crawley County Oak
VOCO_K102,0328EA1375,Fragrance 2,ST_UKTK_751(25/01/02)_Crawley County Oak
VOCO_K101,0328E7B89F,Click and Collcet,ST_UKTK_752(25/02/02)_Braintree
VOCO_K102,0328E7B6CD,Fragrance 1,ST_UKTK_752(25/02/02)_Braintree
VOCO_K103,0328E3288E,Click and Collect,ST_UKTK_753(20/02/02)_Leamington Spa
VOCO_K101,0328E9CC46,Fragrance,ST_UKTK_753(20/02/02)_Leamington Spa
VOCO_K102,0328E9CE7A,Fragrance,ST_UKTK_754(20/01/02)_Doncaster Frenchgate
VOCO_K101,0328E32642,Sales Floor 1,ST_UKTK_754(20/01/02)_Doncaster Frenchgate
VOCO_K103,0328D343BC,Click & Collect 2,ST_UKTK_755(20/02/02)_Loughton
VOCO_K102,0328E7BB0B,Fragrance,ST_UKTK_755(20/02/02)_Loughton
VOCO_K101,0328E32585,Jewellery Counter,ST_UKTK_755(20/02/02)_Loughton
VOCO_K101,0328E89295,Click and Collect,ST_UKTK_756(20/01/02)_Huntington
VOCO_K103,0328E9CD02,Click and Collect 2,ST_UKTK_756(20/01/02)_Huntington
VOCO_K102,0328E89278,Jewellery,ST_UKTK_756(20/01/02)_Huntington
VOCO_K105,0328E9CEE6,Fragrance 1,ST_UKTK_758(20/02/04)_Liverpool Edge Lane
VOCO_K102,0328E74537,Jewellery 1,ST_UKTK_758(20/02/04)_Liverpool Edge Lane
VOCO_K104,0328E745B0,Jewellery 2,ST_UKTK_758(20/02/04)_Liverpool Edge Lane
VOCO_K103,0328E87107,click and collect,ST_UKTK_758(20/02/04)_Liverpool Edge Lane
VOCO_K101,0328E87140,click and collect,ST_UKTK_758(20/02/04)_Liverpool Edge Lane
VOCO_K102,0328E9CEE4,Fragrance,ST_UKTK_760(20/1)_Didcot
VOCO_K102,0328E9CEA2,Fragrance,ST_UKTK_761(20/1)_Macclesfield
VOCO_K101,0328E9CF69,Jewellery 1,ST_UKTK_761(20/1)_Macclesfield
VOCO_K102,0328E74569,Jewellery 1,ST_UKTK_763(20/1)_Eltham
VOCO_K101,0328E87053,Click and Collect,ST_UKTK_785(20/1)_Leeds Colton
VOCO_K102,0328E86FD1,Fragrance,ST_UKTK_785(20/1)_Leeds Colton
VOCO_K103,0328EA114D,Handbags,ST_UKTK_785(20/1)_Leeds Colton
VOCO_K103,0328D33A56,Click and Collect,ST_UKTK_789(20/2)_Kingsley Village
VOCO_K104,0328E86DD2,Fragrance,ST_UKTK_789(20/2)_Kingsley Village
VOCO_K102,0328D33A18,Jewellery 1,ST_UKTK_789(20/2)_Kingsley Village
VOCO_K101,0328D33960,Sales Floor 1,ST_UKTK_789(20/2)_Kingsley Village
VOCO_K102,0328E328ED,Jewellery 1,ST_UKTK_790(15/2/3)_Evesham
VOCO_K103,0328D84283,Click and Collect,ST_UKTK_791(25/02/04)_Edgware
VOCO_K102,0328E9CEFC,Click and Collect,ST_UKTK_791(25/02/04)_Edgware
VOCO_K104,0328E8703E,Fraigrence,ST_UKTK_791(25/02/04)_Edgware
VOCO_K105,0328EA1312,Handbags,ST_UKTK_791(25/02/04)_Edgware
VOCO_K101,0328D8434A,Sales Floor 1,ST_UKTK_791(25/02/04)_Edgware
VOCO_K103,0328E840C3,Click and Collect,ST_UKTK_793(30/02/05)_Leicester Fosse Park
VOCO_K111,0328E86FF3,Fragrance 2,ST_UKTK_793(30/02/05)_Leicester Fosse Park
VOCO_K108,0328E8412C,Handbags 5,ST_UKTK_793(30/02/05)_Leicester Fosse Park
VOCO_K109,0328E84048,Handbags 6,ST_UKTK_793(30/02/05)_Leicester Fosse Park
VOCO_K101,0328DEFEDA,Sales Floor 1,ST_UKTK_793(30/02/05)_Leicester Fosse Park
VOCO_K105,0328E9CE80,Click and Collect,ST_UKTK_794(25/06/05)_Camden
VOCO_K102,0328E8406D,Fragrance,ST_UKTK_794(25/06/05)_Camden
VOCO_K101,0328EA73C0,Fragrance,ST_UKTK_794(25/06/05)_Camden
VOCO_K104,0328E328FB,Jewellery 2,ST_UKTK_794(25/06/05)_Camden
VOCO_K103,0328E7433C,Click and Collect,ST_UKTK_795(30/02/05)_Watford
VOCO_K102,0328E84095,Fragrance 1,ST_UKTK_795(30/02/05)_Watford
VOCO_K104,0328E9CF65,Fragrance 2,ST_UKTK_795(30/02/05)_Watford
VOCO_K105,0328E843DB,Fragrance 3,ST_UKTK_795(30/02/05)_Watford
VOCO_K107,0328E88CEC,Fragrance 5,ST_UKTK_795(30/02/05)_Watford
VOCO_K101,0328DF0600,Sales Floor 1,ST_UKTK_795(30/02/05)_Watford
VOCO_K101,0328E9CD01,Fragrance,ST_UKTK_796_(20/2/4)_Bromborough
VOCO_K103,0328E9CE87,Fragrance,ST_UKTK_877(20/02/03)_Dunfermline
VOCO_K102,0328E7BA0B,Jewellery 1,ST_UKTK_877(20/02/03)_Dunfermline
VOCO_K101,0328E7B918,Sales Floor 1,ST_UKTK_877(20/02/03)_Dunfermline
VOCO_K103,0328E7BA46,Click and Collect,ST_UKTK_880(80/06/06)_Westfield White City
VOCO_K117,0328E84124,Fragrance 1,ST_UKTK_880(80/06/06)_Westfield White City
VOCO_K116,0328E840FE,Fragrance 2,ST_UKTK_880(80/06/06)_Westfield White City
VOCO_K111,0328E8414D,Gold Label Handbag 1,ST_UKTK_880(80/06/06)_Westfield White City
VOCO_K108,0328E840CA,Goldlable Handbags 2,ST_UKTK_880(80/06/06)_Westfield White City
VOCO_K118,0328E840BF,Handbags 1,ST_UKTK_880(80/06/06)_Westfield White City
VOCO_K109,0328E7B8C6,Handbags 2,ST_UKTK_880(80/06/06)_Westfield White City
VOCO_K110,0328E8438F,Handbags 3,ST_UKTK_880(80/06/06)_Westfield White City
VOCO_K115,0328E840D3,Handbags 4,ST_UKTK_880(80/06/06)_Westfield White City
VOCO_K112,0328E84151,Handbags 5,ST_UKTK_880(80/06/06)_Westfield White City
VOCO_K114,0328E8414E,Handbags 7,ST_UKTK_880(80/06/06)_Westfield White City
VOCO_K106,0328E743FA,Handbags 8,ST_UKTK_880(80/06/06)_Westfield White City
VOCO_K113,0328E8413C,Mens Gold Label,ST_UKTK_880(80/06/06)_Westfield White City
VOCO_K107,0328EA1161,Mens gold label,ST_UKTK_880(80/06/06)_Westfield White City
VOCO_K121,0328EA115C,Mens outerwear,ST_UKTK_880(80/06/06)_Westfield White City
VOCO_K122,0328EA1176,Womens outerwear,ST_UKTK_880(80/06/06)_Westfield White City
VOCO_K101,0328E7428C,Click and collect,ST_UK_0797_Weybridge (25/04/04)
VOCO_K103,0328E7BD52,Fragrance,ST_UK_0797_Weybridge (25/04/04)
VOCO_K102,0328E74408,Jewellery 1,ST_UK_0797_Weybridge (25/04/04)
