snapshot_file,processed_time
TJX_VCV33x0_2026-04-24_15-30-10.csv,2026-05-06T12:23:14.212655
TJX_VCV33x0_2026-04-24_16-30-10.csv,2026-05-06T12:23:14.212655
TJX_VCV33x0_2026-04-24_17-30-11.csv,2026-05-06T12:23:14.212655
TJX_VCV33x0_2026-04-24_18-30-10.csv,2026-05-06T12:23:14.212655
TJX_VCV33x0_2026-04-24_19-30-11.csv,2026-05-06T12:23:14.212655
TJX_VCV33x0_2026-04-24_20-30-10.csv,2026-05-06T12:23:14.212655
TJX_VCV33x0_2026-04-24_21-30-10.csv,2026-05-06T12:23:14.212655
TJX_VCV33x0_2026-04-24_22-30-10.csv,2026-05-06T12:23:14.212655
TJX_VCV33x0_2026-04-24_23-30-09.csv,2026-05-06T12:23:14.212655
TJX_VCV33x0_2026-04-25_00-30-09.csv,2026-05-06T12:23:14.212655
TJX_VCV33x0_2026-04-25_01-30-10.csv,2026-05-06T12:23:14.212655
TJX_VCV33x0_2026-04-25_02-30-09.csv,2026-05-06T12:23:14.212655
TJX_VCV33x0_2026-04-25_03-30-10.csv,2026-05-06T12:23:14.212655
TJX_VCV33x0_2026-04-25_04-30-09.csv,2026-05-06T12:23:14.212655
TJX_VCV33x0_2026-04-25_05-30-10.csv,2026-05-06T12:23:14.212655
TJX_VCV33x0_2026-04-25_06-30-10.csv,2026-05-06T12:23:14.212655
TJX_VCV33x0_2026-04-25_07-30-10.csv,2026-05-06T12:23:14.212655
TJX_VCV33x0_2026-04-25_08-30-10.csv,2026-05-06T12:23:14.212655
TJX_VCV33x0_2026-04-25_09-30-10.csv,2026-05-06T12:23:14.212655
TJX_VCV33x0_2026-04-25_10-30-10.csv,2026-05-06T12:23:14.212655
TJX_VCV33x0_2026-04-25_11-30-10.csv,2026-05-06T12:23:14.212655
TJX_VCV33x0_2026-04-25_12-30-10.csv,2026-05-06T12:23:14.212655
TJX_VCV33x0_2026-04-25_13-30-10.csv,2026-05-06T12:23:14.212655
TJX_VCV33x0_2026-04-25_14-30-10.csv,2026-05-06T12:23:14.212655
TJX_VCV33x0_2026-04-25_15-30-09.csv,2026-05-06T12:23:14.212655
TJX_VCV33x0_2026-04-25_16-30-10.csv,2026-05-06T12:23:14.212655
TJX_VCV33x0_2026-04-25_17-30-10.csv,2026-05-06T12:23:14.212655
TJX_VCV33x0_2026-04-25_18-30-10.csv,2026-05-06T12:23:14.212655
TJX_VCV33x0_2026-04-25_19-30-09.csv,2026-05-06T12:23:14.212655
TJX_VCV33x0_2026-04-25_20-30-09.csv,2026-05-06T12:23:14.212655
TJX_VCV33x0_2026-04-25_21-30-09.csv,2026-05-06T12:23:14.212655
TJX_VCV33x0_2026-04-25_22-30-10.csv,2026-05-06T12:23:14.212655
TJX_VCV33x0_2026-04-25_23-30-09.csv,2026-05-06T12:23:14.212655
TJX_VCV33x0_2026-04-26_00-30-09.csv,2026-05-06T12:23:14.212655
TJX_VCV33x0_2026-04-26_01-30-09.csv,2026-05-06T12:23:14.212655
TJX_VCV33x0_2026-04-26_02-30-09.csv,2026-05-06T12:23:14.212655
TJX_VCV33x0_2026-04-26_03-30-09.csv,2026-05-06T12:23:14.212655
TJX_VCV33x0_2026-04-26_04-30-09.csv,2026-05-06T12:23:14.212655
TJX_VCV33x0_2026-04-26_05-30-09.csv,2026-05-06T12:23:14.212655
TJX_VCV33x0_2026-04-26_06-30-10.csv,2026-05-06T12:23:14.212655
TJX_VCV33x0_2026-04-26_07-30-09.csv,2026-05-06T12:23:14.212655
TJX_VCV33x0_2026-04-26_08-30-09.csv,2026-05-06T12:23:14.212655
TJX_VCV33x0_2026-04-26_09-30-10.csv,2026-05-06T12:23:14.212655
TJX_VCV33x0_2026-04-26_10-30-10.csv,2026-05-06T12:23:14.212655
TJX_VCV33x0_2026-04-26_11-30-10.csv,2026-05-06T12:23:14.212655
TJX_VCV33x0_2026-04-26_12-30-09.csv,2026-05-06T12:23:14.212655
TJX_VCV33x0_2026-04-26_13-30-09.csv,2026-05-06T12:23:14.212655
TJX_VCV33x0_2026-04-26_14-30-10.csv,2026-05-06T12:23:14.212655
TJX_VCV33x0_2026-04-26_15-30-08.csv,2026-05-06T12:23:14.212655
TJX_VCV33x0_2026-04-26_16-30-09.csv,2026-05-06T12:23:14.212655
TJX_VCV33x0_2026-04-26_17-30-09.csv,2026-05-06T12:23:14.212655
TJX_VCV33x0_2026-04-26_18-30-09.csv,2026-05-06T12:23:14.212655
TJX_VCV33x0_2026-04-26_19-30-10.csv,2026-05-06T12:23:14.212655
TJX_VCV33x0_2026-04-26_20-30-09.csv,2026-05-06T12:23:14.212655
TJX_VCV33x0_2026-04-26_21-30-09.csv,2026-05-06T12:23:14.212655
TJX_VCV33x0_2026-04-26_22-30-09.csv,2026-05-06T12:23:14.212655
TJX_VCV33x0_2026-04-26_23-30-09.csv,2026-05-06T12:23:14.212655
TJX_VCV33x0_2026-04-27_00-30-09.csv,2026-05-06T12:23:14.212655
TJX_VCV33x0_2026-04-27_01-30-09.csv,2026-05-06T12:23:14.212655
TJX_VCV33x0_2026-04-27_02-30-11.csv,2026-05-06T12:23:14.212655
TJX_VCV33x0_2026-04-27_03-30-10.csv,2026-05-06T12:23:14.212655
TJX_VCV33x0_2026-04-27_04-30-09.csv,2026-05-06T12:23:14.212655
TJX_VCV33x0_2026-04-27_05-30-09.csv,2026-05-06T12:23:14.212655
TJX_VCV33x0_2026-04-27_06-30-09.csv,2026-05-06T12:23:14.212655
TJX_VCV33x0_2026-04-27_07-30-09.csv,2026-05-06T12:23:14.212655
TJX_VCV33x0_2026-04-27_08-30-10.csv,2026-05-06T12:23:14.212655
TJX_VCV33x0_2026-04-27_09-30-11.csv,2026-05-06T12:23:14.212655
TJX_VCV33x0_2026-04-27_10-30-10.csv,2026-05-06T12:23:14.212655
TJX_VCV33x0_2026-04-27_11-30-09.csv,2026-05-06T12:23:14.212655
TJX_VCV33x0_2026-04-27_12-30-11.csv,2026-05-06T12:23:14.212655
TJX_VCV33x0_2026-04-27_13-30-12.csv,2026-05-06T12:23:14.212655
TJX_VCV33x0_2026-04-27_14-30-10.csv,2026-05-06T12:23:14.212655
TJX_VCV33x0_2026-04-27_15-30-09.csv,2026-05-06T12:23:14.212655
TJX_VCV33x0_2026-04-27_16-30-09.csv,2026-05-06T12:23:14.212655
TJX_VCV33x0_2026-04-27_17-30-10.csv,2026-05-06T12:23:14.212655
TJX_VCV33x0_2026-04-27_18-30-09.csv,2026-05-06T12:23:14.212655
TJX_VCV33x0_2026-04-27_19-30-09.csv,2026-05-06T12:23:14.212655
TJX_VCV33x0_2026-04-27_20-30-10.csv,2026-05-06T12:23:14.212655
TJX_VCV33x0_2026-04-27_21-30-10.csv,2026-05-06T12:23:14.212655
TJX_VCV33x0_2026-04-27_22-30-09.csv,2026-05-06T12:23:14.212655
TJX_VCV33x0_2026-04-27_23-30-09.csv,2026-05-06T12:23:14.212655
TJX_VCV33x0_2026-04-28_00-30-09.csv,2026-05-06T12:23:14.212655
TJX_VCV33x0_2026-04-28_01-30-09.csv,2026-05-06T12:23:14.212655
TJX_VCV33x0_2026-04-28_02-30-09.csv,2026-05-06T12:23:14.212655
TJX_VCV33x0_2026-04-28_03-30-09.csv,2026-05-06T12:23:14.212655
TJX_VCV33x0_2026-04-28_04-30-09.csv,2026-05-06T12:23:14.212655
TJX_VCV33x0_2026-04-28_05-30-09.csv,2026-05-06T12:23:14.212655
TJX_VCV33x0_2026-04-28_06-30-09.csv,2026-05-06T12:23:14.212655
TJX_VCV33x0_2026-04-28_07-30-09.csv,2026-05-06T12:23:14.212655
TJX_VCV33x0_2026-04-28_08-30-09.csv,2026-05-06T12:23:14.212655
TJX_VCV33x0_2026-04-28_09-30-09.csv,2026-05-06T12:23:14.212655
TJX_VCV33x0_2026-04-28_10-30-09.csv,2026-05-06T12:23:14.212655
TJX_VCV33x0_2026-04-28_11-30-09.csv,2026-05-06T12:23:14.212655
TJX_VCV33x0_2026-04-28_12-30-09.csv,2026-05-06T12:23:14.212655
TJX_VCV33x0_2026-04-28_13-30-09.csv,2026-05-06T12:23:14.212655
TJX_VCV33x0_2026-04-28_14-30-09.csv,2026-05-06T12:23:14.212655
TJX_VCV33x0_2026-04-28_15-30-10.csv,2026-05-06T12:23:14.212655
TJX_VCV33x0_2026-04-28_16-30-09.csv,2026-05-06T12:23:14.212655
TJX_VCV33x0_2026-04-28_17-30-11.csv,2026-05-06T12:23:14.212655
TJX_VCV33x0_2026-04-28_18-30-12.csv,2026-05-06T12:23:14.212655
TJX_VCV33x0_2026-04-28_19-30-09.csv,2026-05-06T12:23:14.212655
TJX_VCV33x0_2026-04-28_20-30-09.csv,2026-05-06T12:23:14.212655
TJX_VCV33x0_2026-04-28_21-30-10.csv,2026-05-06T12:23:14.212655
TJX_VCV33x0_2026-04-28_22-30-09.csv,2026-05-06T12:23:14.212655
TJX_VCV33x0_2026-04-28_23-30-10.csv,2026-05-06T12:23:14.212655
TJX_VCV33x0_2026-04-29_00-30-09.csv,2026-05-06T12:23:14.212655
TJX_VCV33x0_2026-04-29_01-30-09.csv,2026-05-06T12:23:14.212655
TJX_VCV33x0_2026-04-29_02-30-09.csv,2026-05-06T12:23:14.212655
TJX_VCV33x0_2026-04-29_03-30-09.csv,2026-05-06T12:23:14.212655
TJX_VCV33x0_2026-04-29_04-30-09.csv,2026-05-06T12:23:14.212655
TJX_VCV33x0_2026-04-29_05-30-09.csv,2026-05-06T12:23:14.212655
TJX_VCV33x0_2026-04-29_06-30-10.csv,2026-05-06T12:23:14.212655
TJX_VCV33x0_2026-04-29_07-30-09.csv,2026-05-06T12:23:14.212655
TJX_VCV33x0_2026-04-29_08-30-09.csv,2026-05-06T12:23:14.212655
TJX_VCV33x0_2026-04-29_09-30-09.csv,2026-05-06T12:23:14.212655
TJX_VCV33x0_2026-04-29_10-30-09.csv,2026-05-06T12:23:14.212655
TJX_VCV33x0_2026-04-29_11-30-09.csv,2026-05-06T12:23:14.212655
TJX_VCV33x0_2026-04-29_12-30-09.csv,2026-05-06T12:23:14.212655
TJX_VCV33x0_2026-04-29_13-30-09.csv,2026-05-06T12:23:14.212655
TJX_VCV33x0_2026-04-29_14-30-09.csv,2026-05-06T12:23:14.212655
TJX_VCV33x0_2026-04-29_15-30-10.csv,2026-05-06T12:23:14.212655
TJX_VCV33x0_2026-04-29_16-30-10.csv,2026-05-06T12:23:14.212655
TJX_VCV33x0_2026-04-29_17-30-09.csv,2026-05-06T12:23:14.212655
TJX_VCV33x0_2026-04-29_18-30-09.csv,2026-05-06T12:23:14.212655
TJX_VCV33x0_2026-04-29_19-30-09.csv,2026-05-06T12:23:14.212655
TJX_VCV33x0_2026-04-29_20-30-09.csv,2026-05-06T12:23:14.212655
TJX_VCV33x0_2026-04-29_21-30-09.csv,2026-05-06T12:23:14.212655
TJX_VCV33x0_2026-04-29_22-30-09.csv,2026-05-06T12:23:14.212655
TJX_VCV33x0_2026-04-29_23-30-09.csv,2026-05-06T12:23:14.212655
TJX_VCV33x0_2026-04-30_00-30-09.csv,2026-05-06T12:23:14.212655
TJX_VCV33x0_2026-04-30_01-30-09.csv,2026-05-06T12:23:14.212655
TJX_VCV33x0_2026-04-30_02-30-09.csv,2026-05-06T12:23:14.212655
TJX_VCV33x0_2026-04-30_03-30-09.csv,2026-05-06T12:23:14.212655
TJX_VCV33x0_2026-04-30_04-30-09.csv,2026-05-06T12:23:14.212655
TJX_VCV33x0_2026-04-30_05-30-09.csv,2026-05-06T12:23:14.212655
TJX_VCV33x0_2026-04-30_06-30-09.csv,2026-05-06T12:23:14.212655
TJX_VCV33x0_2026-04-30_07-30-09.csv,2026-05-06T12:23:14.212655
TJX_VCV33x0_2026-04-30_08-30-09.csv,2026-05-06T12:23:14.212655
TJX_VCV33x0_2026-04-30_09-30-09.csv,2026-05-06T12:23:14.212655
TJX_VCV33x0_2026-04-30_10-30-09.csv,2026-05-06T12:23:14.212655
TJX_VCV33x0_2026-04-30_11-30-09.csv,2026-05-06T12:23:14.212655
TJX_VCV33x0_2026-04-30_12-30-10.csv,2026-05-06T12:23:14.212655
TJX_VCV33x0_2026-04-30_13-30-10.csv,2026-05-06T12:23:14.212655
TJX_VCV33x0_2026-04-30_14-30-10.csv,2026-05-06T12:23:14.212655
TJX_VCV33x0_2026-04-30_15-30-09.csv,2026-05-06T12:23:14.212655
TJX_VCV33x0_2026-04-30_16-30-09.csv,2026-05-06T12:23:14.212655
TJX_VCV33x0_2026-04-30_17-30-09.csv,2026-05-06T12:23:14.212655
TJX_VCV33x0_2026-04-30_18-30-10.csv,2026-05-06T12:23:14.212655
TJX_VCV33x0_2026-04-30_19-30-10.csv,2026-05-06T12:23:14.212655
TJX_VCV33x0_2026-04-30_20-30-09.csv,2026-05-06T12:23:14.212655
TJX_VCV33x0_2026-04-30_21-30-09.csv,2026-05-06T12:23:14.212655
TJX_VCV33x0_2026-04-30_22-30-09.csv,2026-05-06T12:23:14.212655
TJX_VCV33x0_2026-04-30_23-30-09.csv,2026-05-06T12:23:14.212655
TJX_VCV33x0_2026-05-01_00-30-09.csv,2026-05-06T12:23:14.212655
TJX_VCV33x0_2026-05-01_01-30-09.csv,2026-05-06T12:23:14.212655
TJX_VCV33x0_2026-05-01_02-30-09.csv,2026-05-06T12:23:14.212655
TJX_VCV33x0_2026-05-01_03-30-09.csv,2026-05-06T12:23:14.212655
TJX_VCV33x0_2026-05-01_04-30-10.csv,2026-05-06T12:23:14.212655
TJX_VCV33x0_2026-05-01_05-30-10.csv,2026-05-06T12:23:14.212655
TJX_VCV33x0_2026-05-01_06-30-10.csv,2026-05-06T12:23:14.212655
TJX_VCV33x0_2026-05-01_07-30-09.csv,2026-05-06T12:23:14.212655
TJX_VCV33x0_2026-05-01_08-30-09.csv,2026-05-06T12:23:14.212655
TJX_VCV33x0_2026-05-01_09-30-09.csv,2026-05-06T12:23:14.212655
TJX_VCV33x0_2026-05-01_10-30-10.csv,2026-05-06T12:23:14.212655
TJX_VCV33x0_2026-05-01_11-30-09.csv,2026-05-06T12:23:14.212655
TJX_VCV33x0_2026-05-01_12-30-09.csv,2026-05-06T12:23:14.212655
TJX_VCV33x0_2026-05-01_13-30-10.csv,2026-05-06T12:23:14.212655
TJX_VCV33x0_2026-05-01_14-30-09.csv,2026-05-06T12:23:14.212655
TJX_VCV33x0_2026-05-01_15-30-09.csv,2026-05-06T12:23:14.212655
TJX_VCV33x0_2026-05-01_16-30-09.csv,2026-05-06T12:23:14.212655
TJX_VCV33x0_2026-05-01_17-30-09.csv,2026-05-06T12:23:14.212655
TJX_VCV33x0_2026-05-01_18-30-09.csv,2026-05-06T12:23:14.212655
TJX_VCV33x0_2026-05-01_19-30-09.csv,2026-05-06T12:23:14.212655
TJX_VCV33x0_2026-05-01_20-30-09.csv,2026-05-06T12:23:14.212655
TJX_VCV33x0_2026-05-01_21-30-09.csv,2026-05-06T12:23:14.212655
TJX_VCV33x0_2026-05-01_22-30-09.csv,2026-05-06T12:23:14.212655
TJX_VCV33x0_2026-05-01_23-30-09.csv,2026-05-06T12:23:14.212655
TJX_VCV33x0_2026-05-02_00-30-09.csv,2026-05-06T12:23:14.212655
TJX_VCV33x0_2026-05-02_01-30-09.csv,2026-05-06T12:23:14.212655
TJX_VCV33x0_2026-05-02_02-30-09.csv,2026-05-06T12:23:14.212655
TJX_VCV33x0_2026-05-02_03-30-09.csv,2026-05-06T12:23:14.212655
TJX_VCV33x0_2026-05-02_04-30-09.csv,2026-05-06T12:23:14.212655
TJX_VCV33x0_2026-05-02_05-30-09.csv,2026-05-06T12:23:14.212655
TJX_VCV33x0_2026-05-02_06-30-09.csv,2026-05-06T12:23:14.212655
TJX_VCV33x0_2026-05-02_07-30-09.csv,2026-05-06T12:23:14.212655
TJX_VCV33x0_2026-05-02_08-30-10.csv,2026-05-06T12:23:14.212655
TJX_VCV33x0_2026-05-02_09-30-09.csv,2026-05-06T12:23:14.212655
TJX_VCV33x0_2026-05-02_10-30-10.csv,2026-05-06T12:23:14.212655
TJX_VCV33x0_2026-05-02_11-30-09.csv,2026-05-06T12:23:14.212655
TJX_VCV33x0_2026-05-02_12-30-10.csv,2026-05-06T12:23:14.212655
TJX_VCV33x0_2026-05-02_13-30-09.csv,2026-05-06T12:23:14.212655
TJX_VCV33x0_2026-05-02_14-30-10.csv,2026-05-06T12:23:14.212655
TJX_VCV33x0_2026-05-02_15-30-08.csv,2026-05-06T12:23:14.212655
TJX_VCV33x0_2026-05-02_16-30-10.csv,2026-05-06T12:23:14.212655
TJX_VCV33x0_2026-05-02_17-30-09.csv,2026-05-06T12:23:14.212655
TJX_VCV33x0_2026-05-02_18-30-09.csv,2026-05-06T12:23:14.212655
TJX_VCV33x0_2026-05-02_19-30-09.csv,2026-05-06T12:23:14.212655
TJX_VCV33x0_2026-05-02_20-30-09.csv,2026-05-06T12:23:14.212655
TJX_VCV33x0_2026-05-02_21-30-10.csv,2026-05-06T12:23:14.212655
TJX_VCV33x0_2026-05-02_22-30-09.csv,2026-05-06T12:23:14.212655
TJX_VCV33x0_2026-05-02_23-30-09.csv,2026-05-06T12:23:14.212655
TJX_VCV33x0_2026-05-03_00-30-09.csv,2026-05-06T12:23:14.212655
TJX_VCV33x0_2026-05-03_01-30-09.csv,2026-05-06T12:23:14.212655
TJX_VCV33x0_2026-05-03_02-30-09.csv,2026-05-06T12:23:14.212655
TJX_VCV33x0_2026-05-03_03-30-10.csv,2026-05-06T12:23:14.212655
TJX_VCV33x0_2026-05-03_04-30-09.csv,2026-05-06T12:23:14.212655
TJX_VCV33x0_2026-05-03_05-30-09.csv,2026-05-06T12:23:14.212655
TJX_VCV33x0_2026-05-03_06-30-09.csv,2026-05-06T12:23:14.212655
TJX_VCV33x0_2026-05-03_07-30-09.csv,2026-05-06T12:23:14.212655
TJX_VCV33x0_2026-05-03_08-30-09.csv,2026-05-06T12:23:14.212655
TJX_VCV33x0_2026-05-03_09-30-09.csv,2026-05-06T12:23:14.212655
TJX_VCV33x0_2026-05-03_10-30-09.csv,2026-05-06T12:23:14.212655
TJX_VCV33x0_2026-05-03_11-30-10.csv,2026-05-06T12:23:14.212655
TJX_VCV33x0_2026-05-03_12-30-09.csv,2026-05-06T12:23:14.212655
TJX_VCV33x0_2026-05-03_13-30-09.csv,2026-05-06T12:23:14.212655
TJX_VCV33x0_2026-05-03_14-30-09.csv,2026-05-06T12:23:14.212655
TJX_VCV33x0_2026-05-03_15-30-08.csv,2026-05-06T12:23:14.212655
TJX_VCV33x0_2026-05-03_16-30-10.csv,2026-05-06T12:23:14.212655
TJX_VCV33x0_2026-05-03_17-30-09.csv,2026-05-06T12:23:14.212655
TJX_VCV33x0_2026-05-03_18-30-09.csv,2026-05-06T12:23:14.212655
TJX_VCV33x0_2026-05-03_19-30-09.csv,2026-05-06T12:23:14.212655
TJX_VCV33x0_2026-05-03_20-30-09.csv,2026-05-06T12:23:14.212655
TJX_VCV33x0_2026-05-03_21-30-09.csv,2026-05-06T12:23:14.212655
TJX_VCV33x0_2026-05-03_22-30-09.csv,2026-05-06T12:23:14.212655
TJX_VCV33x0_2026-05-03_23-30-09.csv,2026-05-06T12:23:14.212655
TJX_VCV33x0_2026-05-04_00-30-10.csv,2026-05-06T12:23:14.212655
TJX_VCV33x0_2026-05-04_01-30-09.csv,2026-05-06T12:23:14.212655
TJX_VCV33x0_2026-05-04_02-30-09.csv,2026-05-06T12:23:14.212655
TJX_VCV33x0_2026-05-04_03-30-09.csv,2026-05-06T12:23:14.212655
TJX_VCV33x0_2026-05-04_04-30-09.csv,2026-05-06T12:23:14.212655
TJX_VCV33x0_2026-05-04_05-30-09.csv,2026-05-06T12:23:14.212655
TJX_VCV33x0_2026-05-04_06-30-10.csv,2026-05-06T12:23:14.212655
TJX_VCV33x0_2026-05-04_07-30-10.csv,2026-05-06T12:23:14.212655
TJX_VCV33x0_2026-05-04_08-30-10.csv,2026-05-06T12:23:14.212655
TJX_VCV33x0_2026-05-04_09-30-09.csv,2026-05-06T12:23:14.212655
TJX_VCV33x0_2026-05-04_10-30-09.csv,2026-05-06T12:23:14.212655
TJX_VCV33x0_2026-05-04_11-30-09.csv,2026-05-06T12:23:14.212655
TJX_VCV33x0_2026-05-04_12-30-09.csv,2026-05-06T12:23:14.212655
TJX_VCV33x0_2026-05-04_13-30-09.csv,2026-05-06T12:23:14.212655
TJX_VCV33x0_2026-05-04_14-30-09.csv,2026-05-06T12:23:14.212655
TJX_VCV33x0_2026-05-04_15-30-08.csv,2026-05-06T12:23:14.212655
TJX_VCV33x0_2026-05-04_16-30-09.csv,2026-05-06T12:23:14.212655
TJX_VCV33x0_2026-05-04_17-30-09.csv,2026-05-06T12:23:14.212655
TJX_VCV33x0_2026-05-04_18-30-09.csv,2026-05-06T12:23:14.212655
TJX_VCV33x0_2026-05-04_19-30-09.csv,2026-05-06T12:23:14.212655
TJX_VCV33x0_2026-05-04_20-30-09.csv,2026-05-06T12:23:14.212655
TJX_VCV33x0_2026-05-04_21-30-09.csv,2026-05-06T12:23:14.212655
TJX_VCV33x0_2026-05-04_22-30-09.csv,2026-05-06T12:23:14.212655
TJX_VCV33x0_2026-05-04_23-30-09.csv,2026-05-06T12:23:14.212655
TJX_VCV33x0_2026-05-05_00-30-10.csv,2026-05-06T12:23:14.212655
TJX_VCV33x0_2026-05-05_01-30-09.csv,2026-05-06T12:23:14.212655
TJX_VCV33x0_2026-05-05_02-30-09.csv,2026-05-06T12:23:14.212655
TJX_VCV33x0_2026-05-05_03-30-09.csv,2026-05-06T12:23:14.212655
TJX_VCV33x0_2026-05-05_04-30-09.csv,2026-05-06T12:23:14.212655
TJX_VCV33x0_2026-05-05_05-30-09.csv,2026-05-06T12:23:14.212655
TJX_VCV33x0_2026-05-05_06-30-09.csv,2026-05-06T12:23:14.212655
TJX_VCV33x0_2026-05-05_07-30-10.csv,2026-05-06T12:23:14.212655
TJX_VCV33x0_2026-05-05_08-30-17.csv,2026-05-06T12:23:14.212655
TJX_VCV33x0_2026-05-05_09-30-10.csv,2026-05-06T12:23:14.212655
TJX_VCV33x0_2026-05-05_10-30-10.csv,2026-05-06T12:23:14.212655
TJX_VCV33x0_2026-05-05_11-30-11.csv,2026-05-06T12:23:14.212655
TJX_VCV33x0_2026-05-05_12-30-10.csv,2026-05-06T12:23:14.212655
TJX_VCV33x0_2026-05-05_13-30-10.csv,2026-05-06T12:23:14.212655
TJX_VCV33x0_2026-05-05_14-30-10.csv,2026-05-06T12:23:14.212655
TJX_VCV33x0_2026-05-05_15-30-18.csv,2026-05-06T12:23:14.212655
TJX_VCV33x0_2026-05-05_16-30-10.csv,2026-05-06T12:23:14.212655
TJX_VCV33x0_2026-05-05_17-30-09.csv,2026-05-06T12:23:14.212655
TJX_VCV33x0_2026-05-05_18-30-09.csv,2026-05-06T12:23:14.212655
TJX_VCV33x0_2026-05-05_19-30-09.csv,2026-05-06T12:23:14.212655
TJX_VCV33x0_2026-05-05_20-30-09.csv,2026-05-06T12:23:14.212655
TJX_VCV33x0_2026-05-05_21-30-09.csv,2026-05-06T12:23:14.212655
TJX_VCV33x0_2026-05-05_22-30-10.csv,2026-05-06T12:23:14.212655
TJX_VCV33x0_2026-05-05_23-30-09.csv,2026-05-06T12:23:14.212655
TJX_VCV33x0_2026-05-06_00-30-09.csv,2026-05-06T12:23:14.212655
TJX_VCV33x0_2026-05-06_01-30-09.csv,2026-05-06T12:23:14.212655
TJX_VCV33x0_2026-05-06_02-30-09.csv,2026-05-06T12:23:14.212655
TJX_VCV33x0_2026-05-06_03-30-09.csv,2026-05-06T12:23:14.212655
TJX_VCV33x0_2026-05-06_04-30-09.csv,2026-05-06T12:23:14.212655
TJX_VCV33x0_2026-05-06_05-30-09.csv,2026-05-06T12:23:14.212655
TJX_VCV33x0_2026-05-06_06-30-09.csv,2026-05-06T12:23:14.212655
TJX_VCV33x0_2026-05-06_07-30-09.csv,2026-05-06T12:23:14.212655
TJX_VCV33x0_2026-05-06_08-30-09.csv,2026-05-06T12:23:14.212655
